session_id,student_id,mentor_id,date,topic,duration,status,rating,student_feedback,mentor_feedback
SES001,STU001,MEN001,2026-09-28,AI Career Roadmap & Skill Gap Assessment,45,Completed,5.0,Aarav showed me exactly why Docker and FastAPI are mandatory for ML roles. Best session yet!,Sanath has strong Python and ML foundations. Target next step: Dockerize his sentiment API.
SES002,STU001,MEN001,2026-10-12,Production ML Pipeline Deployment on AWS,45,Scheduled,0.0,,
SES003,STU102,MEN015,2026-09-02,AI Career Roadmap & Skill Gap Assessment,30,Completed,4.1,Great code review on my GitHub repository. Will implement the suggested Dockerization.,Addressed resume positioning. Strongly recommended taking up AWS free tier labs.
SES004,STU102,MEN062,2026-09-04,Introduction to Docker Containers & Kubernetes,45,Scheduled,0.0,,
SES005,STU282,MEN064,2026-08-11,Introduction to Docker Containers & Kubernetes,60,Scheduled,0.0,,
SES006,STU200,MEN017,2026-07-26,Generative AI & RAG Application Architecture,30,Completed,4.0,Helped clarify my confusion between model training and actual MLOps deployment.,Addressed resume positioning. Strongly recommended taking up AWS free tier labs.
SES007,STU122,MEN007,2026-09-14,Database Indexing & Query Optimization in SQL,60,Scheduled,0.0,,
SES008,STU005,MEN056,2026-09-10,Database Indexing & Query Optimization in SQL,30,Completed,4.5,Great code review on my GitHub repository. Will implement the suggested Dockerization.,Solid algorithmic thinking. Advised to build one end-to-end full stack project.
SES009,STU262,MEN024,2026-09-25,Introduction to Docker Containers & Kubernetes,30,Completed,4.1,The mock interview gave me high confidence for my upcoming campus drive.,Solid algorithmic thinking. Advised to build one end-to-end full stack project.
SES010,STU243,MEN014,2026-08-07,Database Indexing & Query Optimization in SQL,60,Scheduled,0.0,,
SES011,STU077,MEN030,2026-08-13,Introduction to Docker Containers & Kubernetes,30,Completed,4.0,Helped clarify my confusion between model training and actual MLOps deployment.,Solid algorithmic thinking. Advised to build one end-to-end full stack project.
SES012,STU316,MEN026,2026-07-13,Full-Stack Architecture with React & FastAPI,45,Completed,4.4,The mock interview gave me high confidence for my upcoming campus drive.,Solid algorithmic thinking. Advised to build one end-to-end full stack project.
SES013,STU219,MEN062,2026-10-21,Resume Review & GitHub Portfolio Overhaul,45,Completed,4.1,Extremely insightful session! Clear actionable milestones provided.,Addressed resume positioning. Strongly recommended taking up AWS free tier labs.
SES014,STU180,MEN054,2026-09-02,Resume Review & GitHub Portfolio Overhaul,30,Completed,4.2,Extremely insightful session! Clear actionable milestones provided.,Student is motivated with good Python fundamentals. Needs to focus on Docker and cloud services.
SES015,STU147,MEN061,2026-07-14,Resume Review & GitHub Portfolio Overhaul,45,Completed,4.2,Great code review on my GitHub repository. Will implement the suggested Dockerization.,Addressed resume positioning. Strongly recommended taking up AWS free tier labs.
SES016,STU058,MEN013,2026-07-22,Generative AI & RAG Application Architecture,30,Scheduled,0.0,,
SES017,STU170,MEN047,2026-09-24,Database Indexing & Query Optimization in SQL,60,Pending,0.0,,
SES018,STU310,MEN048,2026-09-07,Production ML Pipeline Deployment on AWS,60,Completed,4.6,Extremely insightful session! Clear actionable milestones provided.,Student is motivated with good Python fundamentals. Needs to focus on Docker and cloud services.
SES019,STU309,MEN016,2026-08-07,Generative AI & RAG Application Architecture,60,Completed,4.7,Extremely insightful session! Clear actionable milestones provided.,Student is motivated with good Python fundamentals. Needs to focus on Docker and cloud services.
SES020,STU176,MEN039,2026-10-25,Full-Stack Architecture with React & FastAPI,60,Pending,0.0,,
SES021,STU079,MEN006,2026-08-14,Resume Review & GitHub Portfolio Overhaul,45,Completed,4.6,The mock interview gave me high confidence for my upcoming campus drive.,Addressed resume positioning. Strongly recommended taking up AWS free tier labs.
SES022,STU061,MEN056,2026-10-14,Production ML Pipeline Deployment on AWS,60,Completed,4.5,Practical and direct guidance. Mentor mapped out my entire 6-month timeline.,Student is motivated with good Python fundamentals. Needs to focus on Docker and cloud services.
SES023,STU141,MEN017,2026-07-19,Navigating Off-Campus Tech Internships,60,Completed,4.1,Helped clarify my confusion between model training and actual MLOps deployment.,Reviewed portfolio. Clear progress made since previous checkpoint.
SES024,STU273,MEN010,2026-10-25,Introduction to Docker Containers & Kubernetes,60,Completed,4.5,Practical and direct guidance. Mentor mapped out my entire 6-month timeline.,Reviewed portfolio. Clear progress made since previous checkpoint.
SES025,STU140,MEN027,2026-07-06,Generative AI & RAG Application Architecture,45,Completed,4.6,Practical and direct guidance. Mentor mapped out my entire 6-month timeline.,Student is motivated with good Python fundamentals. Needs to focus on Docker and cloud services.
SES026,STU258,MEN034,2026-08-10,Production ML Pipeline Deployment on AWS,30,Completed,4.7,Practical and direct guidance. Mentor mapped out my entire 6-month timeline.,Student is motivated with good Python fundamentals. Needs to focus on Docker and cloud services.
SES027,STU024,MEN031,2026-07-21,Mock Technical Coding Interview: DSA & Graphs,30,Completed,4.1,The mock interview gave me high confidence for my upcoming campus drive.,Solid algorithmic thinking. Advised to build one end-to-end full stack project.
SES028,STU128,MEN027,2026-07-01,Resume Review & GitHub Portfolio Overhaul,30,Completed,4.6,Practical and direct guidance. Mentor mapped out my entire 6-month timeline.,Addressed resume positioning. Strongly recommended taking up AWS free tier labs.
SES029,STU282,MEN034,2026-08-14,Database Indexing & Query Optimization in SQL,45,Pending,0.0,,
SES030,STU167,MEN008,2026-07-27,Resume Review & GitHub Portfolio Overhaul,30,Scheduled,0.0,,
SES031,STU144,MEN023,2026-07-18,Introduction to Docker Containers & Kubernetes,60,Completed,4.7,Practical and direct guidance. Mentor mapped out my entire 6-month timeline.,Student is motivated with good Python fundamentals. Needs to focus on Docker and cloud services.
SES032,STU132,MEN027,2026-08-11,Production ML Pipeline Deployment on AWS,45,Completed,4.3,Practical and direct guidance. Mentor mapped out my entire 6-month timeline.,Reviewed portfolio. Clear progress made since previous checkpoint.
SES033,STU119,MEN056,2026-08-16,Production ML Pipeline Deployment on AWS,30,Completed,4.1,Helped clarify my confusion between model training and actual MLOps deployment.,Reviewed portfolio. Clear progress made since previous checkpoint.
SES034,STU097,MEN063,2026-08-21,Mock Technical Coding Interview: DSA & Graphs,30,Pending,0.0,,
SES035,STU159,MEN021,2026-10-22,System Design: Microservices vs Monolith,45,Completed,4.6,Extremely insightful session! Clear actionable milestones provided.,Solid algorithmic thinking. Advised to build one end-to-end full stack project.
SES036,STU126,MEN059,2026-10-04,Generative AI & RAG Application Architecture,30,Scheduled,0.0,,
SES037,STU007,MEN013,2026-10-01,Production ML Pipeline Deployment on AWS,30,Completed,4.1,Extremely insightful session! Clear actionable milestones provided.,Student is motivated with good Python fundamentals. Needs to focus on Docker and cloud services.
SES038,STU043,MEN035,2026-07-26,System Design: Microservices vs Monolith,30,Completed,5.0,Extremely insightful session! Clear actionable milestones provided.,Addressed resume positioning. Strongly recommended taking up AWS free tier labs.
SES039,STU072,MEN062,2026-10-27,Production ML Pipeline Deployment on AWS,45,Cancelled,0.0,,
SES040,STU170,MEN062,2026-08-02,AI Career Roadmap & Skill Gap Assessment,30,Completed,4.5,The mock interview gave me high confidence for my upcoming campus drive.,Student is motivated with good Python fundamentals. Needs to focus on Docker and cloud services.
SES041,STU053,MEN038,2026-10-05,Full-Stack Architecture with React & FastAPI,45,Completed,4.0,Helped clarify my confusion between model training and actual MLOps deployment.,Student is motivated with good Python fundamentals. Needs to focus on Docker and cloud services.
SES042,STU198,MEN019,2026-09-08,Navigating Off-Campus Tech Internships,30,Completed,4.9,Great code review on my GitHub repository. Will implement the suggested Dockerization.,Student is motivated with good Python fundamentals. Needs to focus on Docker and cloud services.
SES043,STU057,MEN029,2026-09-12,Resume Review & GitHub Portfolio Overhaul,30,Completed,4.1,The mock interview gave me high confidence for my upcoming campus drive.,Student is motivated with good Python fundamentals. Needs to focus on Docker and cloud services.
SES044,STU023,MEN020,2026-10-17,Production ML Pipeline Deployment on AWS,60,Completed,4.3,Helped clarify my confusion between model training and actual MLOps deployment.,Reviewed portfolio. Clear progress made since previous checkpoint.
SES045,STU155,MEN037,2026-07-09,System Design: Microservices vs Monolith,30,Completed,4.9,The mock interview gave me high confidence for my upcoming campus drive.,Addressed resume positioning. Strongly recommended taking up AWS free tier labs.
SES046,STU077,MEN019,2026-08-13,System Design: Microservices vs Monolith,60,Completed,4.4,Great code review on my GitHub repository. Will implement the suggested Dockerization.,Student is motivated with good Python fundamentals. Needs to focus on Docker and cloud services.
SES047,STU219,MEN036,2026-07-11,Resume Review & GitHub Portfolio Overhaul,45,Completed,5.0,Helped clarify my confusion between model training and actual MLOps deployment.,Reviewed portfolio. Clear progress made since previous checkpoint.
SES048,STU254,MEN055,2026-10-20,Full-Stack Architecture with React & FastAPI,45,Completed,4.8,The mock interview gave me high confidence for my upcoming campus drive.,Solid algorithmic thinking. Advised to build one end-to-end full stack project.
SES049,STU215,MEN064,2026-10-18,System Design: Microservices vs Monolith,60,Completed,4.5,Helped clarify my confusion between model training and actual MLOps deployment.,Reviewed portfolio. Clear progress made since previous checkpoint.
SES050,STU216,MEN029,2026-07-08,Resume Review & GitHub Portfolio Overhaul,30,Scheduled,0.0,,
SES051,STU105,MEN003,2026-10-05,Resume Review & GitHub Portfolio Overhaul,30,Completed,4.9,Extremely insightful session! Clear actionable milestones provided.,Addressed resume positioning. Strongly recommended taking up AWS free tier labs.
SES052,STU151,MEN059,2026-10-08,Production ML Pipeline Deployment on AWS,30,Completed,4.2,Helped clarify my confusion between model training and actual MLOps deployment.,Student is motivated with good Python fundamentals. Needs to focus on Docker and cloud services.
SES053,STU074,MEN049,2026-07-23,Introduction to Docker Containers & Kubernetes,45,Pending,0.0,,
SES054,STU028,MEN014,2026-07-16,Database Indexing & Query Optimization in SQL,30,Scheduled,0.0,,
SES055,STU016,MEN019,2026-08-03,Production ML Pipeline Deployment on AWS,30,Completed,4.2,Extremely insightful session! Clear actionable milestones provided.,Reviewed portfolio. Clear progress made since previous checkpoint.
SES056,STU241,MEN018,2026-09-16,Introduction to Docker Containers & Kubernetes,60,Cancelled,0.0,,
SES057,STU173,MEN057,2026-07-10,System Design: Microservices vs Monolith,30,Scheduled,0.0,,
SES058,STU031,MEN005,2026-08-17,Production ML Pipeline Deployment on AWS,30,Scheduled,0.0,,
SES059,STU203,MEN055,2026-10-18,Mock Technical Coding Interview: DSA & Graphs,60,Scheduled,0.0,,
SES060,STU257,MEN040,2026-08-14,Production ML Pipeline Deployment on AWS,45,Pending,0.0,,
SES061,STU048,MEN049,2026-08-13,Production ML Pipeline Deployment on AWS,60,Completed,4.6,Helped clarify my confusion between model training and actual MLOps deployment.,Reviewed portfolio. Clear progress made since previous checkpoint.
SES062,STU287,MEN010,2026-10-16,Resume Review & GitHub Portfolio Overhaul,60,Scheduled,0.0,,
SES063,STU208,MEN049,2026-07-26,Mock Technical Coding Interview: DSA & Graphs,30,Completed,4.4,Great code review on my GitHub repository. Will implement the suggested Dockerization.,Solid algorithmic thinking. Advised to build one end-to-end full stack project.
SES064,STU054,MEN010,2026-09-01,System Design: Microservices vs Monolith,30,Completed,4.2,Helped clarify my confusion between model training and actual MLOps deployment.,Student is motivated with good Python fundamentals. Needs to focus on Docker and cloud services.
SES065,STU306,MEN002,2026-09-07,Generative AI & RAG Application Architecture,30,Cancelled,0.0,,
SES066,STU017,MEN031,2026-07-19,AI Career Roadmap & Skill Gap Assessment,30,Completed,4.6,Practical and direct guidance. Mentor mapped out my entire 6-month timeline.,Reviewed portfolio. Clear progress made since previous checkpoint.
SES067,STU162,MEN012,2026-07-12,Resume Review & GitHub Portfolio Overhaul,45,Completed,4.8,Great code review on my GitHub repository. Will implement the suggested Dockerization.,Solid algorithmic thinking. Advised to build one end-to-end full stack project.
SES068,STU183,MEN017,2026-07-11,Introduction to Docker Containers & Kubernetes,60,Scheduled,0.0,,
SES069,STU258,MEN013,2026-08-01,Database Indexing & Query Optimization in SQL,30,Completed,4.6,Great code review on my GitHub repository. Will implement the suggested Dockerization.,Reviewed portfolio. Clear progress made since previous checkpoint.
SES070,STU149,MEN021,2026-10-03,Full-Stack Architecture with React & FastAPI,60,Completed,4.9,Extremely insightful session! Clear actionable milestones provided.,Solid algorithmic thinking. Advised to build one end-to-end full stack project.
SES071,STU073,MEN021,2026-09-15,Resume Review & GitHub Portfolio Overhaul,60,Completed,4.8,The mock interview gave me high confidence for my upcoming campus drive.,Addressed resume positioning. Strongly recommended taking up AWS free tier labs.
SES072,STU221,MEN006,2026-10-08,Full-Stack Architecture with React & FastAPI,60,Pending,0.0,,
SES073,STU311,MEN010,2026-10-04,Generative AI & RAG Application Architecture,30,Completed,4.8,Helped clarify my confusion between model training and actual MLOps deployment.,Addressed resume positioning. Strongly recommended taking up AWS free tier labs.
SES074,STU256,MEN013,2026-09-06,Mock Technical Coding Interview: DSA & Graphs,60,Completed,4.9,Helped clarify my confusion between model training and actual MLOps deployment.,Student is motivated with good Python fundamentals. Needs to focus on Docker and cloud services.
SES075,STU187,MEN046,2026-07-06,Navigating Off-Campus Tech Internships,45,Completed,4.7,Great code review on my GitHub repository. Will implement the suggested Dockerization.,Addressed resume positioning. Strongly recommended taking up AWS free tier labs.
SES076,STU227,MEN018,2026-10-02,Introduction to Docker Containers & Kubernetes,60,Completed,4.4,The mock interview gave me high confidence for my upcoming campus drive.,Reviewed portfolio. Clear progress made since previous checkpoint.
SES077,STU067,MEN057,2026-09-12,Mock Technical Coding Interview: DSA & Graphs,60,Completed,4.1,Great code review on my GitHub repository. Will implement the suggested Dockerization.,Reviewed portfolio. Clear progress made since previous checkpoint.
SES078,STU022,MEN008,2026-08-23,Generative AI & RAG Application Architecture,30,Pending,0.0,,
SES079,STU080,MEN014,2026-10-06,Introduction to Docker Containers & Kubernetes,45,Completed,4.6,Extremely insightful session! Clear actionable milestones provided.,Solid algorithmic thinking. Advised to build one end-to-end full stack project.
SES080,STU048,MEN045,2026-10-21,System Design: Microservices vs Monolith,30,Completed,4.5,Great code review on my GitHub repository. Will implement the suggested Dockerization.,Student is motivated with good Python fundamentals. Needs to focus on Docker and cloud services.
SES081,STU056,MEN051,2026-10-07,Introduction to Docker Containers & Kubernetes,45,Cancelled,0.0,,
SES082,STU034,MEN041,2026-10-07,Mock Technical Coding Interview: DSA & Graphs,45,Completed,4.7,Great code review on my GitHub repository. Will implement the suggested Dockerization.,Student is motivated with good Python fundamentals. Needs to focus on Docker and cloud services.
SES083,STU020,MEN020,2026-08-21,Database Indexing & Query Optimization in SQL,45,Completed,4.2,Practical and direct guidance. Mentor mapped out my entire 6-month timeline.,Student is motivated with good Python fundamentals. Needs to focus on Docker and cloud services.
SES084,STU032,MEN047,2026-10-07,Mock Technical Coding Interview: DSA & Graphs,45,Completed,4.1,Extremely insightful session! Clear actionable milestones provided.,Reviewed portfolio. Clear progress made since previous checkpoint.
SES085,STU091,MEN011,2026-07-09,Introduction to Docker Containers & Kubernetes,60,Completed,4.4,The mock interview gave me high confidence for my upcoming campus drive.,Reviewed portfolio. Clear progress made since previous checkpoint.
SES086,STU110,MEN034,2026-07-03,Mock Technical Coding Interview: DSA & Graphs,30,Completed,4.9,Great code review on my GitHub repository. Will implement the suggested Dockerization.,Addressed resume positioning. Strongly recommended taking up AWS free tier labs.
SES087,STU102,MEN045,2026-10-16,Resume Review & GitHub Portfolio Overhaul,60,Completed,4.5,Helped clarify my confusion between model training and actual MLOps deployment.,Reviewed portfolio. Clear progress made since previous checkpoint.
SES088,STU293,MEN050,2026-08-03,Resume Review & GitHub Portfolio Overhaul,60,Completed,4.7,Practical and direct guidance. Mentor mapped out my entire 6-month timeline.,Solid algorithmic thinking. Advised to build one end-to-end full stack project.
SES089,STU163,MEN002,2026-10-05,Introduction to Docker Containers & Kubernetes,45,Completed,4.5,The mock interview gave me high confidence for my upcoming campus drive.,Student is motivated with good Python fundamentals. Needs to focus on Docker and cloud services.
SES090,STU267,MEN001,2026-08-21,AI Career Roadmap & Skill Gap Assessment,30,Completed,4.4,Practical and direct guidance. Mentor mapped out my entire 6-month timeline.,Student is motivated with good Python fundamentals. Needs to focus on Docker and cloud services.
SES091,STU097,MEN054,2026-08-20,Introduction to Docker Containers & Kubernetes,30,Scheduled,0.0,,
SES092,STU179,MEN027,2026-07-12,Mock Technical Coding Interview: DSA & Graphs,60,Completed,4.8,Extremely insightful session! Clear actionable milestones provided.,Addressed resume positioning. Strongly recommended taking up AWS free tier labs.
SES093,STU064,MEN064,2026-10-14,Introduction to Docker Containers & Kubernetes,45,Scheduled,0.0,,
SES094,STU181,MEN055,2026-09-04,Resume Review & GitHub Portfolio Overhaul,30,Completed,4.9,Great code review on my GitHub repository. Will implement the suggested Dockerization.,Reviewed portfolio. Clear progress made since previous checkpoint.
SES095,STU284,MEN021,2026-10-13,Database Indexing & Query Optimization in SQL,30,Completed,4.3,Great code review on my GitHub repository. Will implement the suggested Dockerization.,Addressed resume positioning. Strongly recommended taking up AWS free tier labs.
SES096,STU045,MEN014,2026-07-20,Database Indexing & Query Optimization in SQL,60,Completed,4.9,Extremely insightful session! Clear actionable milestones provided.,Reviewed portfolio. Clear progress made since previous checkpoint.
SES097,STU052,MEN057,2026-07-22,Full-Stack Architecture with React & FastAPI,45,Completed,4.3,Great code review on my GitHub repository. Will implement the suggested Dockerization.,Solid algorithmic thinking. Advised to build one end-to-end full stack project.
SES098,STU283,MEN049,2026-08-28,Navigating Off-Campus Tech Internships,45,Completed,4.5,Extremely insightful session! Clear actionable milestones provided.,Addressed resume positioning. Strongly recommended taking up AWS free tier labs.
SES099,STU203,MEN001,2026-08-17,Introduction to Docker Containers & Kubernetes,60,Completed,4.3,The mock interview gave me high confidence for my upcoming campus drive.,Addressed resume positioning. Strongly recommended taking up AWS free tier labs.
SES100,STU124,MEN001,2026-07-01,Resume Review & GitHub Portfolio Overhaul,30,Completed,4.0,The mock interview gave me high confidence for my upcoming campus drive.,Addressed resume positioning. Strongly recommended taking up AWS free tier labs.
SES101,STU293,MEN056,2026-10-07,Database Indexing & Query Optimization in SQL,45,Completed,4.6,Great code review on my GitHub repository. Will implement the suggested Dockerization.,Student is motivated with good Python fundamentals. Needs to focus on Docker and cloud services.
SES102,STU066,MEN050,2026-08-13,Resume Review & GitHub Portfolio Overhaul,60,Pending,0.0,,
SES103,STU082,MEN056,2026-07-23,Database Indexing & Query Optimization in SQL,45,Completed,4.8,Practical and direct guidance. Mentor mapped out my entire 6-month timeline.,Student is motivated with good Python fundamentals. Needs to focus on Docker and cloud services.
SES104,STU134,MEN021,2026-08-03,Database Indexing & Query Optimization in SQL,30,Completed,4.1,Great code review on my GitHub repository. Will implement the suggested Dockerization.,Student is motivated with good Python fundamentals. Needs to focus on Docker and cloud services.
SES105,STU015,MEN011,2026-10-01,Resume Review & GitHub Portfolio Overhaul,30,Completed,4.7,Helped clarify my confusion between model training and actual MLOps deployment.,Reviewed portfolio. Clear progress made since previous checkpoint.
SES106,STU123,MEN029,2026-08-18,AI Career Roadmap & Skill Gap Assessment,45,Completed,4.8,Great code review on my GitHub repository. Will implement the suggested Dockerization.,Addressed resume positioning. Strongly recommended taking up AWS free tier labs.
SES107,STU043,MEN019,2026-07-21,Database Indexing & Query Optimization in SQL,30,Scheduled,0.0,,
SES108,STU057,MEN059,2026-07-04,Production ML Pipeline Deployment on AWS,45,Scheduled,0.0,,
SES109,STU135,MEN024,2026-07-16,System Design: Microservices vs Monolith,45,Completed,4.8,Helped clarify my confusion between model training and actual MLOps deployment.,Reviewed portfolio. Clear progress made since previous checkpoint.
SES110,STU012,MEN053,2026-10-21,Resume Review & GitHub Portfolio Overhaul,60,Completed,4.1,Great code review on my GitHub repository. Will implement the suggested Dockerization.,Reviewed portfolio. Clear progress made since previous checkpoint.
SES111,STU231,MEN021,2026-09-01,System Design: Microservices vs Monolith,45,Completed,4.9,Practical and direct guidance. Mentor mapped out my entire 6-month timeline.,Student is motivated with good Python fundamentals. Needs to focus on Docker and cloud services.
SES112,STU178,MEN062,2026-07-06,Generative AI & RAG Application Architecture,60,Scheduled,0.0,,
SES113,STU131,MEN016,2026-07-18,Full-Stack Architecture with React & FastAPI,45,Completed,4.0,Practical and direct guidance. Mentor mapped out my entire 6-month timeline.,Solid algorithmic thinking. Advised to build one end-to-end full stack project.
SES114,STU059,MEN028,2026-09-05,Mock Technical Coding Interview: DSA & Graphs,45,Completed,4.2,Helped clarify my confusion between model training and actual MLOps deployment.,Addressed resume positioning. Strongly recommended taking up AWS free tier labs.
SES115,STU103,MEN012,2026-09-15,Generative AI & RAG Application Architecture,45,Completed,4.7,Great code review on my GitHub repository. Will implement the suggested Dockerization.,Reviewed portfolio. Clear progress made since previous checkpoint.
SES116,STU099,MEN033,2026-08-22,System Design: Microservices vs Monolith,60,Completed,4.8,The mock interview gave me high confidence for my upcoming campus drive.,Reviewed portfolio. Clear progress made since previous checkpoint.
SES117,STU301,MEN040,2026-08-24,Database Indexing & Query Optimization in SQL,60,Completed,4.5,Great code review on my GitHub repository. Will implement the suggested Dockerization.,Reviewed portfolio. Clear progress made since previous checkpoint.
SES118,STU140,MEN041,2026-07-20,Introduction to Docker Containers & Kubernetes,45,Scheduled,0.0,,
SES119,STU103,MEN046,2026-07-15,Database Indexing & Query Optimization in SQL,45,Completed,4.2,Extremely insightful session! Clear actionable milestones provided.,Addressed resume positioning. Strongly recommended taking up AWS free tier labs.
SES120,STU151,MEN046,2026-07-04,Production ML Pipeline Deployment on AWS,45,Completed,4.2,The mock interview gave me high confidence for my upcoming campus drive.,Reviewed portfolio. Clear progress made since previous checkpoint.
SES121,STU126,MEN010,2026-09-12,AI Career Roadmap & Skill Gap Assessment,45,Completed,4.1,The mock interview gave me high confidence for my upcoming campus drive.,Student is motivated with good Python fundamentals. Needs to focus on Docker and cloud services.
SES122,STU006,MEN043,2026-10-19,Introduction to Docker Containers & Kubernetes,45,Completed,4.8,Helped clarify my confusion between model training and actual MLOps deployment.,Student is motivated with good Python fundamentals. Needs to focus on Docker and cloud services.
SES123,STU309,MEN028,2026-08-04,Database Indexing & Query Optimization in SQL,60,Completed,4.6,Practical and direct guidance. Mentor mapped out my entire 6-month timeline.,Student is motivated with good Python fundamentals. Needs to focus on Docker and cloud services.
SES124,STU216,MEN056,2026-09-07,AI Career Roadmap & Skill Gap Assessment,45,Completed,4.2,Great code review on my GitHub repository. Will implement the suggested Dockerization.,Reviewed portfolio. Clear progress made since previous checkpoint.
SES125,STU216,MEN016,2026-10-06,Full-Stack Architecture with React & FastAPI,60,Completed,4.6,Practical and direct guidance. Mentor mapped out my entire 6-month timeline.,Reviewed portfolio. Clear progress made since previous checkpoint.
SES126,STU011,MEN037,2026-07-15,Generative AI & RAG Application Architecture,60,Completed,4.3,Great code review on my GitHub repository. Will implement the suggested Dockerization.,Student is motivated with good Python fundamentals. Needs to focus on Docker and cloud services.
SES127,STU021,MEN044,2026-07-03,Navigating Off-Campus Tech Internships,30,Scheduled,0.0,,
SES128,STU213,MEN039,2026-09-25,Navigating Off-Campus Tech Internships,60,Completed,4.3,Extremely insightful session! Clear actionable milestones provided.,Addressed resume positioning. Strongly recommended taking up AWS free tier labs.
SES129,STU025,MEN051,2026-10-16,Database Indexing & Query Optimization in SQL,30,Completed,4.8,Extremely insightful session! Clear actionable milestones provided.,Addressed resume positioning. Strongly recommended taking up AWS free tier labs.
SES130,STU015,MEN029,2026-07-05,Full-Stack Architecture with React & FastAPI,30,Completed,4.1,The mock interview gave me high confidence for my upcoming campus drive.,Reviewed portfolio. Clear progress made since previous checkpoint.
SES131,STU046,MEN025,2026-09-27,Generative AI & RAG Application Architecture,30,Pending,0.0,,
SES132,STU027,MEN034,2026-07-02,Resume Review & GitHub Portfolio Overhaul,60,Completed,4.9,Extremely insightful session! Clear actionable milestones provided.,Addressed resume positioning. Strongly recommended taking up AWS free tier labs.
SES133,STU314,MEN049,2026-08-05,Resume Review & GitHub Portfolio Overhaul,30,Completed,4.6,Extremely insightful session! Clear actionable milestones provided.,Solid algorithmic thinking. Advised to build one end-to-end full stack project.
SES134,STU300,MEN053,2026-10-22,System Design: Microservices vs Monolith,60,Scheduled,0.0,,
SES135,STU271,MEN031,2026-10-22,Navigating Off-Campus Tech Internships,30,Completed,4.5,The mock interview gave me high confidence for my upcoming campus drive.,Addressed resume positioning. Strongly recommended taking up AWS free tier labs.
SES136,STU048,MEN034,2026-09-23,System Design: Microservices vs Monolith,45,Cancelled,0.0,,
SES137,STU286,MEN032,2026-08-23,System Design: Microservices vs Monolith,30,Scheduled,0.0,,
SES138,STU254,MEN008,2026-07-22,Navigating Off-Campus Tech Internships,30,Completed,4.2,Great code review on my GitHub repository. Will implement the suggested Dockerization.,Solid algorithmic thinking. Advised to build one end-to-end full stack project.
SES139,STU175,MEN027,2026-09-25,Mock Technical Coding Interview: DSA & Graphs,60,Scheduled,0.0,,
SES140,STU233,MEN020,2026-07-05,Navigating Off-Campus Tech Internships,60,Completed,4.2,The mock interview gave me high confidence for my upcoming campus drive.,Reviewed portfolio. Clear progress made since previous checkpoint.
SES141,STU263,MEN026,2026-10-07,System Design: Microservices vs Monolith,45,Cancelled,0.0,,
SES142,STU217,MEN022,2026-09-28,Database Indexing & Query Optimization in SQL,60,Scheduled,0.0,,
SES143,STU053,MEN019,2026-07-24,Production ML Pipeline Deployment on AWS,45,Completed,4.1,Extremely insightful session! Clear actionable milestones provided.,Reviewed portfolio. Clear progress made since previous checkpoint.
SES144,STU015,MEN061,2026-10-12,Mock Technical Coding Interview: DSA & Graphs,30,Scheduled,0.0,,
SES145,STU282,MEN011,2026-10-07,Generative AI & RAG Application Architecture,45,Completed,4.2,Practical and direct guidance. Mentor mapped out my entire 6-month timeline.,Reviewed portfolio. Clear progress made since previous checkpoint.
SES146,STU028,MEN057,2026-09-04,Full-Stack Architecture with React & FastAPI,45,Completed,4.0,Great code review on my GitHub repository. Will implement the suggested Dockerization.,Reviewed portfolio. Clear progress made since previous checkpoint.
SES147,STU097,MEN052,2026-09-17,System Design: Microservices vs Monolith,60,Completed,4.6,Practical and direct guidance. Mentor mapped out my entire 6-month timeline.,Reviewed portfolio. Clear progress made since previous checkpoint.
SES148,STU026,MEN032,2026-08-04,Full-Stack Architecture with React & FastAPI,30,Completed,4.1,Extremely insightful session! Clear actionable milestones provided.,Addressed resume positioning. Strongly recommended taking up AWS free tier labs.
SES149,STU273,MEN013,2026-08-20,Introduction to Docker Containers & Kubernetes,30,Completed,4.7,Great code review on my GitHub repository. Will implement the suggested Dockerization.,Reviewed portfolio. Clear progress made since previous checkpoint.
SES150,STU113,MEN035,2026-08-06,Database Indexing & Query Optimization in SQL,45,Completed,4.8,The mock interview gave me high confidence for my upcoming campus drive.,Addressed resume positioning. Strongly recommended taking up AWS free tier labs.
SES151,STU002,MEN013,2026-10-24,Resume Review & GitHub Portfolio Overhaul,60,Completed,4.3,Helped clarify my confusion between model training and actual MLOps deployment.,Solid algorithmic thinking. Advised to build one end-to-end full stack project.
SES152,STU036,MEN022,2026-09-15,Introduction to Docker Containers & Kubernetes,45,Completed,4.1,Extremely insightful session! Clear actionable milestones provided.,Reviewed portfolio. Clear progress made since previous checkpoint.
SES153,STU011,MEN023,2026-07-06,Navigating Off-Campus Tech Internships,60,Completed,4.7,Extremely insightful session! Clear actionable milestones provided.,Addressed resume positioning. Strongly recommended taking up AWS free tier labs.
SES154,STU001,MEN063,2026-10-04,Full-Stack Architecture with React & FastAPI,60,Completed,4.0,Extremely insightful session! Clear actionable milestones provided.,Addressed resume positioning. Strongly recommended taking up AWS free tier labs.
SES155,STU258,MEN022,2026-08-25,System Design: Microservices vs Monolith,30,Cancelled,0.0,,
SES156,STU156,MEN043,2026-10-24,Navigating Off-Campus Tech Internships,45,Completed,4.4,Practical and direct guidance. Mentor mapped out my entire 6-month timeline.,Addressed resume positioning. Strongly recommended taking up AWS free tier labs.
SES157,STU187,MEN059,2026-09-10,System Design: Microservices vs Monolith,45,Completed,4.7,Practical and direct guidance. Mentor mapped out my entire 6-month timeline.,Reviewed portfolio. Clear progress made since previous checkpoint.
SES158,STU266,MEN003,2026-10-28,Navigating Off-Campus Tech Internships,30,Completed,4.2,Helped clarify my confusion between model training and actual MLOps deployment.,Addressed resume positioning. Strongly recommended taking up AWS free tier labs.
SES159,STU126,MEN056,2026-08-24,Mock Technical Coding Interview: DSA & Graphs,60,Completed,4.1,Great code review on my GitHub repository. Will implement the suggested Dockerization.,Student is motivated with good Python fundamentals. Needs to focus on Docker and cloud services.
SES160,STU279,MEN058,2026-08-09,Introduction to Docker Containers & Kubernetes,60,Completed,4.9,The mock interview gave me high confidence for my upcoming campus drive.,Addressed resume positioning. Strongly recommended taking up AWS free tier labs.
SES161,STU214,MEN036,2026-08-02,Introduction to Docker Containers & Kubernetes,45,Completed,4.6,The mock interview gave me high confidence for my upcoming campus drive.,Student is motivated with good Python fundamentals. Needs to focus on Docker and cloud services.
SES162,STU291,MEN045,2026-07-01,Production ML Pipeline Deployment on AWS,60,Completed,4.5,Helped clarify my confusion between model training and actual MLOps deployment.,Reviewed portfolio. Clear progress made since previous checkpoint.
SES163,STU149,MEN021,2026-10-10,Navigating Off-Campus Tech Internships,30,Completed,4.1,The mock interview gave me high confidence for my upcoming campus drive.,Student is motivated with good Python fundamentals. Needs to focus on Docker and cloud services.
SES164,STU112,MEN037,2026-07-02,Navigating Off-Campus Tech Internships,45,Scheduled,0.0,,
SES165,STU003,MEN056,2026-07-02,Generative AI & RAG Application Architecture,60,Completed,4.3,The mock interview gave me high confidence for my upcoming campus drive.,Addressed resume positioning. Strongly recommended taking up AWS free tier labs.
SES166,STU288,MEN020,2026-09-05,Database Indexing & Query Optimization in SQL,30,Completed,5.0,Helped clarify my confusion between model training and actual MLOps deployment.,Reviewed portfolio. Clear progress made since previous checkpoint.
SES167,STU149,MEN029,2026-10-12,Introduction to Docker Containers & Kubernetes,30,Completed,4.2,Great code review on my GitHub repository. Will implement the suggested Dockerization.,Reviewed portfolio. Clear progress made since previous checkpoint.
SES168,STU134,MEN039,2026-09-06,Database Indexing & Query Optimization in SQL,45,Scheduled,0.0,,
SES169,STU166,MEN018,2026-08-09,Production ML Pipeline Deployment on AWS,45,Scheduled,0.0,,
SES170,STU284,MEN026,2026-09-03,Introduction to Docker Containers & Kubernetes,45,Completed,4.3,Great code review on my GitHub repository. Will implement the suggested Dockerization.,Solid algorithmic thinking. Advised to build one end-to-end full stack project.
SES171,STU050,MEN018,2026-10-23,Resume Review & GitHub Portfolio Overhaul,45,Completed,4.3,The mock interview gave me high confidence for my upcoming campus drive.,Reviewed portfolio. Clear progress made since previous checkpoint.
SES172,STU239,MEN054,2026-10-01,System Design: Microservices vs Monolith,30,Completed,4.9,Extremely insightful session! Clear actionable milestones provided.,Reviewed portfolio. Clear progress made since previous checkpoint.
SES173,STU315,MEN039,2026-09-05,AI Career Roadmap & Skill Gap Assessment,45,Completed,4.6,Practical and direct guidance. Mentor mapped out my entire 6-month timeline.,Addressed resume positioning. Strongly recommended taking up AWS free tier labs.
SES174,STU065,MEN052,2026-07-15,Generative AI & RAG Application Architecture,45,Scheduled,0.0,,
SES175,STU028,MEN011,2026-09-27,Database Indexing & Query Optimization in SQL,30,Completed,5.0,Extremely insightful session! Clear actionable milestones provided.,Addressed resume positioning. Strongly recommended taking up AWS free tier labs.
SES176,STU149,MEN062,2026-09-28,AI Career Roadmap & Skill Gap Assessment,30,Scheduled,0.0,,
SES177,STU300,MEN007,2026-08-17,Production ML Pipeline Deployment on AWS,60,Scheduled,0.0,,
SES178,STU254,MEN018,2026-08-10,Database Indexing & Query Optimization in SQL,60,Completed,4.6,Extremely insightful session! Clear actionable milestones provided.,Reviewed portfolio. Clear progress made since previous checkpoint.
SES179,STU103,MEN015,2026-07-05,Full-Stack Architecture with React & FastAPI,30,Completed,4.6,Extremely insightful session! Clear actionable milestones provided.,Student is motivated with good Python fundamentals. Needs to focus on Docker and cloud services.
SES180,STU054,MEN061,2026-10-13,Introduction to Docker Containers & Kubernetes,45,Completed,4.1,Extremely insightful session! Clear actionable milestones provided.,Addressed resume positioning. Strongly recommended taking up AWS free tier labs.
SES181,STU095,MEN031,2026-09-27,Introduction to Docker Containers & Kubernetes,30,Completed,4.6,Great code review on my GitHub repository. Will implement the suggested Dockerization.,Student is motivated with good Python fundamentals. Needs to focus on Docker and cloud services.
SES182,STU012,MEN024,2026-08-06,Navigating Off-Campus Tech Internships,45,Completed,4.5,Practical and direct guidance. Mentor mapped out my entire 6-month timeline.,Solid algorithmic thinking. Advised to build one end-to-end full stack project.
SES183,STU149,MEN038,2026-07-19,Navigating Off-Campus Tech Internships,45,Scheduled,0.0,,
SES184,STU141,MEN051,2026-07-15,AI Career Roadmap & Skill Gap Assessment,45,Completed,4.4,Great code review on my GitHub repository. Will implement the suggested Dockerization.,Solid algorithmic thinking. Advised to build one end-to-end full stack project.
SES185,STU235,MEN016,2026-10-01,AI Career Roadmap & Skill Gap Assessment,45,Completed,4.6,Extremely insightful session! Clear actionable milestones provided.,Reviewed portfolio. Clear progress made since previous checkpoint.
SES186,STU072,MEN060,2026-10-09,AI Career Roadmap & Skill Gap Assessment,30,Pending,0.0,,
SES187,STU184,MEN065,2026-08-12,Generative AI & RAG Application Architecture,30,Completed,4.9,Practical and direct guidance. Mentor mapped out my entire 6-month timeline.,Reviewed portfolio. Clear progress made since previous checkpoint.
SES188,STU090,MEN020,2026-09-15,Mock Technical Coding Interview: DSA & Graphs,45,Completed,4.7,Helped clarify my confusion between model training and actual MLOps deployment.,Addressed resume positioning. Strongly recommended taking up AWS free tier labs.
SES189,STU035,MEN062,2026-10-20,Production ML Pipeline Deployment on AWS,60,Completed,4.7,Practical and direct guidance. Mentor mapped out my entire 6-month timeline.,Addressed resume positioning. Strongly recommended taking up AWS free tier labs.
SES190,STU166,MEN045,2026-10-03,System Design: Microservices vs Monolith,60,Completed,4.0,Helped clarify my confusion between model training and actual MLOps deployment.,Solid algorithmic thinking. Advised to build one end-to-end full stack project.
SES191,STU055,MEN064,2026-10-11,Full-Stack Architecture with React & FastAPI,60,Scheduled,0.0,,
SES192,STU122,MEN014,2026-10-25,Database Indexing & Query Optimization in SQL,45,Completed,5.0,Extremely insightful session! Clear actionable milestones provided.,Student is motivated with good Python fundamentals. Needs to focus on Docker and cloud services.
SES193,STU059,MEN005,2026-07-15,Resume Review & GitHub Portfolio Overhaul,60,Cancelled,0.0,,
SES194,STU016,MEN023,2026-07-23,Full-Stack Architecture with React & FastAPI,45,Completed,4.4,Helped clarify my confusion between model training and actual MLOps deployment.,Solid algorithmic thinking. Advised to build one end-to-end full stack project.
SES195,STU252,MEN057,2026-09-08,Full-Stack Architecture with React & FastAPI,60,Scheduled,0.0,,
SES196,STU083,MEN056,2026-08-03,AI Career Roadmap & Skill Gap Assessment,30,Completed,4.6,Extremely insightful session! Clear actionable milestones provided.,Solid algorithmic thinking. Advised to build one end-to-end full stack project.
SES197,STU003,MEN047,2026-10-19,Generative AI & RAG Application Architecture,30,Cancelled,0.0,,
SES198,STU175,MEN024,2026-10-07,Full-Stack Architecture with React & FastAPI,60,Scheduled,0.0,,
SES199,STU243,MEN065,2026-09-20,Navigating Off-Campus Tech Internships,45,Completed,4.9,Helped clarify my confusion between model training and actual MLOps deployment.,Student is motivated with good Python fundamentals. Needs to focus on Docker and cloud services.
SES200,STU193,MEN010,2026-07-05,System Design: Microservices vs Monolith,45,Completed,4.8,The mock interview gave me high confidence for my upcoming campus drive.,Student is motivated with good Python fundamentals. Needs to focus on Docker and cloud services.
SES201,STU119,MEN007,2026-09-01,Full-Stack Architecture with React & FastAPI,45,Scheduled,0.0,,
SES202,STU129,MEN050,2026-09-03,Production ML Pipeline Deployment on AWS,45,Pending,0.0,,
SES203,STU039,MEN031,2026-09-13,Database Indexing & Query Optimization in SQL,45,Completed,4.6,Practical and direct guidance. Mentor mapped out my entire 6-month timeline.,Student is motivated with good Python fundamentals. Needs to focus on Docker and cloud services.
SES204,STU135,MEN004,2026-09-14,Production ML Pipeline Deployment on AWS,30,Completed,4.3,The mock interview gave me high confidence for my upcoming campus drive.,Student is motivated with good Python fundamentals. Needs to focus on Docker and cloud services.
SES205,STU281,MEN043,2026-07-08,Navigating Off-Campus Tech Internships,30,Cancelled,0.0,,
SES206,STU289,MEN005,2026-07-14,Generative AI & RAG Application Architecture,45,Completed,4.6,Practical and direct guidance. Mentor mapped out my entire 6-month timeline.,Student is motivated with good Python fundamentals. Needs to focus on Docker and cloud services.
SES207,STU067,MEN035,2026-07-04,AI Career Roadmap & Skill Gap Assessment,45,Pending,0.0,,
SES208,STU260,MEN029,2026-09-14,Navigating Off-Campus Tech Internships,45,Scheduled,0.0,,
SES209,STU117,MEN003,2026-07-25,AI Career Roadmap & Skill Gap Assessment,60,Completed,4.8,Helped clarify my confusion between model training and actual MLOps deployment.,Reviewed portfolio. Clear progress made since previous checkpoint.
SES210,STU247,MEN007,2026-10-23,System Design: Microservices vs Monolith,45,Completed,4.1,Great code review on my GitHub repository. Will implement the suggested Dockerization.,Solid algorithmic thinking. Advised to build one end-to-end full stack project.
SES211,STU061,MEN048,2026-08-11,Full-Stack Architecture with React & FastAPI,30,Completed,4.4,Extremely insightful session! Clear actionable milestones provided.,Solid algorithmic thinking. Advised to build one end-to-end full stack project.
SES212,STU302,MEN002,2026-10-24,AI Career Roadmap & Skill Gap Assessment,60,Completed,4.8,Practical and direct guidance. Mentor mapped out my entire 6-month timeline.,Student is motivated with good Python fundamentals. Needs to focus on Docker and cloud services.
SES213,STU128,MEN008,2026-07-05,Resume Review & GitHub Portfolio Overhaul,45,Completed,4.4,The mock interview gave me high confidence for my upcoming campus drive.,Student is motivated with good Python fundamentals. Needs to focus on Docker and cloud services.
SES214,STU309,MEN032,2026-08-20,System Design: Microservices vs Monolith,45,Completed,4.4,Extremely insightful session! Clear actionable milestones provided.,Student is motivated with good Python fundamentals. Needs to focus on Docker and cloud services.
SES215,STU279,MEN027,2026-09-28,Generative AI & RAG Application Architecture,45,Completed,4.2,The mock interview gave me high confidence for my upcoming campus drive.,Addressed resume positioning. Strongly recommended taking up AWS free tier labs.
SES216,STU126,MEN035,2026-07-02,Mock Technical Coding Interview: DSA & Graphs,30,Completed,4.3,Great code review on my GitHub repository. Will implement the suggested Dockerization.,Reviewed portfolio. Clear progress made since previous checkpoint.
SES217,STU105,MEN018,2026-08-10,Resume Review & GitHub Portfolio Overhaul,60,Completed,4.7,Helped clarify my confusion between model training and actual MLOps deployment.,Student is motivated with good Python fundamentals. Needs to focus on Docker and cloud services.
SES218,STU073,MEN005,2026-10-21,Navigating Off-Campus Tech Internships,30,Completed,4.8,Extremely insightful session! Clear actionable milestones provided.,Student is motivated with good Python fundamentals. Needs to focus on Docker and cloud services.
SES219,STU139,MEN036,2026-10-10,System Design: Microservices vs Monolith,30,Scheduled,0.0,,
SES220,STU143,MEN050,2026-07-28,Full-Stack Architecture with React & FastAPI,30,Completed,4.4,Great code review on my GitHub repository. Will implement the suggested Dockerization.,Student is motivated with good Python fundamentals. Needs to focus on Docker and cloud services.
SES221,STU195,MEN024,2026-10-18,AI Career Roadmap & Skill Gap Assessment,60,Scheduled,0.0,,
SES222,STU157,MEN005,2026-09-01,Database Indexing & Query Optimization in SQL,30,Completed,4.9,The mock interview gave me high confidence for my upcoming campus drive.,Addressed resume positioning. Strongly recommended taking up AWS free tier labs.
SES223,STU015,MEN044,2026-10-28,Introduction to Docker Containers & Kubernetes,60,Pending,0.0,,
SES224,STU030,MEN014,2026-10-24,Introduction to Docker Containers & Kubernetes,60,Completed,4.9,The mock interview gave me high confidence for my upcoming campus drive.,Reviewed portfolio. Clear progress made since previous checkpoint.
SES225,STU291,MEN034,2026-10-15,AI Career Roadmap & Skill Gap Assessment,45,Completed,4.7,Helped clarify my confusion between model training and actual MLOps deployment.,Solid algorithmic thinking. Advised to build one end-to-end full stack project.
SES226,STU141,MEN011,2026-09-11,Resume Review & GitHub Portfolio Overhaul,45,Completed,4.6,Extremely insightful session! Clear actionable milestones provided.,Addressed resume positioning. Strongly recommended taking up AWS free tier labs.
SES227,STU129,MEN002,2026-09-19,Navigating Off-Campus Tech Internships,45,Completed,4.7,The mock interview gave me high confidence for my upcoming campus drive.,Solid algorithmic thinking. Advised to build one end-to-end full stack project.
SES228,STU009,MEN057,2026-10-02,Introduction to Docker Containers & Kubernetes,30,Completed,5.0,Great code review on my GitHub repository. Will implement the suggested Dockerization.,Solid algorithmic thinking. Advised to build one end-to-end full stack project.
SES229,STU297,MEN011,2026-09-03,Mock Technical Coding Interview: DSA & Graphs,45,Completed,4.4,The mock interview gave me high confidence for my upcoming campus drive.,Addressed resume positioning. Strongly recommended taking up AWS free tier labs.
SES230,STU066,MEN030,2026-08-05,Database Indexing & Query Optimization in SQL,60,Scheduled,0.0,,
SES231,STU026,MEN030,2026-07-06,AI Career Roadmap & Skill Gap Assessment,60,Completed,4.7,Great code review on my GitHub repository. Will implement the suggested Dockerization.,Addressed resume positioning. Strongly recommended taking up AWS free tier labs.
SES232,STU117,MEN008,2026-09-09,AI Career Roadmap & Skill Gap Assessment,60,Pending,0.0,,
SES233,STU181,MEN006,2026-08-12,System Design: Microservices vs Monolith,30,Scheduled,0.0,,
SES234,STU260,MEN057,2026-07-08,Introduction to Docker Containers & Kubernetes,30,Completed,4.2,Practical and direct guidance. Mentor mapped out my entire 6-month timeline.,Addressed resume positioning. Strongly recommended taking up AWS free tier labs.
SES235,STU219,MEN037,2026-07-11,Introduction to Docker Containers & Kubernetes,60,Completed,4.6,The mock interview gave me high confidence for my upcoming campus drive.,Addressed resume positioning. Strongly recommended taking up AWS free tier labs.
SES236,STU192,MEN061,2026-07-06,Database Indexing & Query Optimization in SQL,30,Completed,4.4,The mock interview gave me high confidence for my upcoming campus drive.,Solid algorithmic thinking. Advised to build one end-to-end full stack project.
SES237,STU055,MEN028,2026-09-07,Production ML Pipeline Deployment on AWS,45,Completed,4.4,Practical and direct guidance. Mentor mapped out my entire 6-month timeline.,Student is motivated with good Python fundamentals. Needs to focus on Docker and cloud services.
SES238,STU041,MEN010,2026-10-18,Database Indexing & Query Optimization in SQL,45,Completed,4.7,Practical and direct guidance. Mentor mapped out my entire 6-month timeline.,Student is motivated with good Python fundamentals. Needs to focus on Docker and cloud services.
SES239,STU269,MEN057,2026-09-07,Resume Review & GitHub Portfolio Overhaul,30,Completed,4.8,The mock interview gave me high confidence for my upcoming campus drive.,Solid algorithmic thinking. Advised to build one end-to-end full stack project.
SES240,STU186,MEN030,2026-09-24,Introduction to Docker Containers & Kubernetes,45,Completed,5.0,Helped clarify my confusion between model training and actual MLOps deployment.,Reviewed portfolio. Clear progress made since previous checkpoint.
SES241,STU041,MEN046,2026-07-12,Navigating Off-Campus Tech Internships,45,Completed,4.7,Practical and direct guidance. Mentor mapped out my entire 6-month timeline.,Solid algorithmic thinking. Advised to build one end-to-end full stack project.
SES242,STU118,MEN017,2026-08-25,Database Indexing & Query Optimization in SQL,45,Completed,4.9,Practical and direct guidance. Mentor mapped out my entire 6-month timeline.,Solid algorithmic thinking. Advised to build one end-to-end full stack project.
SES243,STU147,MEN044,2026-07-03,Database Indexing & Query Optimization in SQL,45,Completed,4.4,Practical and direct guidance. Mentor mapped out my entire 6-month timeline.,Solid algorithmic thinking. Advised to build one end-to-end full stack project.
SES244,STU102,MEN024,2026-07-06,System Design: Microservices vs Monolith,30,Completed,4.1,The mock interview gave me high confidence for my upcoming campus drive.,Reviewed portfolio. Clear progress made since previous checkpoint.
SES245,STU018,MEN056,2026-08-03,Introduction to Docker Containers & Kubernetes,45,Completed,4.1,Practical and direct guidance. Mentor mapped out my entire 6-month timeline.,Reviewed portfolio. Clear progress made since previous checkpoint.
SES246,STU066,MEN052,2026-08-23,Mock Technical Coding Interview: DSA & Graphs,30,Scheduled,0.0,,
SES247,STU173,MEN044,2026-07-24,AI Career Roadmap & Skill Gap Assessment,30,Scheduled,0.0,,
SES248,STU182,MEN058,2026-10-24,Production ML Pipeline Deployment on AWS,60,Completed,4.8,The mock interview gave me high confidence for my upcoming campus drive.,Reviewed portfolio. Clear progress made since previous checkpoint.
SES249,STU094,MEN011,2026-07-19,Resume Review & GitHub Portfolio Overhaul,45,Completed,4.6,Great code review on my GitHub repository. Will implement the suggested Dockerization.,Reviewed portfolio. Clear progress made since previous checkpoint.
SES250,STU091,MEN036,2026-07-08,Mock Technical Coding Interview: DSA & Graphs,45,Cancelled,0.0,,
SES251,STU175,MEN007,2026-10-10,Production ML Pipeline Deployment on AWS,30,Completed,4.3,The mock interview gave me high confidence for my upcoming campus drive.,Solid algorithmic thinking. Advised to build one end-to-end full stack project.
SES252,STU108,MEN056,2026-09-19,Resume Review & GitHub Portfolio Overhaul,45,Completed,4.9,The mock interview gave me high confidence for my upcoming campus drive.,Student is motivated with good Python fundamentals. Needs to focus on Docker and cloud services.
SES253,STU085,MEN016,2026-09-16,Mock Technical Coding Interview: DSA & Graphs,60,Completed,4.4,Helped clarify my confusion between model training and actual MLOps deployment.,Addressed resume positioning. Strongly recommended taking up AWS free tier labs.
SES254,STU055,MEN030,2026-09-05,System Design: Microservices vs Monolith,30,Scheduled,0.0,,
SES255,STU283,MEN022,2026-07-18,Navigating Off-Campus Tech Internships,30,Completed,4.5,Helped clarify my confusion between model training and actual MLOps deployment.,Student is motivated with good Python fundamentals. Needs to focus on Docker and cloud services.
SES256,STU190,MEN027,2026-10-24,Mock Technical Coding Interview: DSA & Graphs,30,Completed,4.4,Helped clarify my confusion between model training and actual MLOps deployment.,Reviewed portfolio. Clear progress made since previous checkpoint.
SES257,STU062,MEN057,2026-10-09,System Design: Microservices vs Monolith,45,Completed,4.1,Helped clarify my confusion between model training and actual MLOps deployment.,Addressed resume positioning. Strongly recommended taking up AWS free tier labs.
SES258,STU041,MEN029,2026-07-11,Production ML Pipeline Deployment on AWS,60,Pending,0.0,,
SES259,STU172,MEN036,2026-07-23,System Design: Microservices vs Monolith,60,Completed,4.7,Extremely insightful session! Clear actionable milestones provided.,Reviewed portfolio. Clear progress made since previous checkpoint.
SES260,STU267,MEN041,2026-07-21,Database Indexing & Query Optimization in SQL,45,Completed,4.6,Helped clarify my confusion between model training and actual MLOps deployment.,Solid algorithmic thinking. Advised to build one end-to-end full stack project.
SES261,STU113,MEN026,2026-10-05,Mock Technical Coding Interview: DSA & Graphs,30,Completed,4.5,Helped clarify my confusion between model training and actual MLOps deployment.,Reviewed portfolio. Clear progress made since previous checkpoint.
SES262,STU102,MEN012,2026-08-01,Production ML Pipeline Deployment on AWS,30,Completed,4.4,Great code review on my GitHub repository. Will implement the suggested Dockerization.,Solid algorithmic thinking. Advised to build one end-to-end full stack project.
SES263,STU215,MEN034,2026-10-21,Database Indexing & Query Optimization in SQL,30,Scheduled,0.0,,
SES264,STU179,MEN062,2026-08-10,Navigating Off-Campus Tech Internships,60,Completed,4.8,The mock interview gave me high confidence for my upcoming campus drive.,Reviewed portfolio. Clear progress made since previous checkpoint.
SES265,STU201,MEN046,2026-10-10,Introduction to Docker Containers & Kubernetes,45,Completed,4.1,Extremely insightful session! Clear actionable milestones provided.,Addressed resume positioning. Strongly recommended taking up AWS free tier labs.
SES266,STU167,MEN032,2026-10-04,Production ML Pipeline Deployment on AWS,45,Scheduled,0.0,,
SES267,STU164,MEN015,2026-10-23,Database Indexing & Query Optimization in SQL,45,Completed,4.1,Great code review on my GitHub repository. Will implement the suggested Dockerization.,Reviewed portfolio. Clear progress made since previous checkpoint.
SES268,STU121,MEN004,2026-09-17,Generative AI & RAG Application Architecture,45,Completed,4.2,Great code review on my GitHub repository. Will implement the suggested Dockerization.,Student is motivated with good Python fundamentals. Needs to focus on Docker and cloud services.
SES269,STU134,MEN041,2026-10-26,AI Career Roadmap & Skill Gap Assessment,45,Completed,4.4,Great code review on my GitHub repository. Will implement the suggested Dockerization.,Addressed resume positioning. Strongly recommended taking up AWS free tier labs.
SES270,STU249,MEN029,2026-07-10,Generative AI & RAG Application Architecture,30,Completed,4.4,Helped clarify my confusion between model training and actual MLOps deployment.,Solid algorithmic thinking. Advised to build one end-to-end full stack project.
SES271,STU057,MEN043,2026-07-24,Resume Review & GitHub Portfolio Overhaul,45,Completed,4.0,Great code review on my GitHub repository. Will implement the suggested Dockerization.,Student is motivated with good Python fundamentals. Needs to focus on Docker and cloud services.
SES272,STU284,MEN009,2026-07-17,Full-Stack Architecture with React & FastAPI,45,Scheduled,0.0,,
SES273,STU275,MEN026,2026-10-28,Resume Review & GitHub Portfolio Overhaul,45,Completed,4.7,The mock interview gave me high confidence for my upcoming campus drive.,Solid algorithmic thinking. Advised to build one end-to-end full stack project.
SES274,STU212,MEN028,2026-08-01,Generative AI & RAG Application Architecture,45,Completed,4.0,Extremely insightful session! Clear actionable milestones provided.,Student is motivated with good Python fundamentals. Needs to focus on Docker and cloud services.
SES275,STU249,MEN006,2026-09-10,Mock Technical Coding Interview: DSA & Graphs,60,Completed,4.0,Helped clarify my confusion between model training and actual MLOps deployment.,Student is motivated with good Python fundamentals. Needs to focus on Docker and cloud services.
SES276,STU064,MEN049,2026-10-05,Mock Technical Coding Interview: DSA & Graphs,30,Scheduled,0.0,,
SES277,STU040,MEN010,2026-10-01,System Design: Microservices vs Monolith,60,Completed,4.0,Practical and direct guidance. Mentor mapped out my entire 6-month timeline.,Solid algorithmic thinking. Advised to build one end-to-end full stack project.
SES278,STU302,MEN051,2026-09-26,Mock Technical Coding Interview: DSA & Graphs,45,Completed,4.3,Practical and direct guidance. Mentor mapped out my entire 6-month timeline.,Student is motivated with good Python fundamentals. Needs to focus on Docker and cloud services.
SES279,STU235,MEN026,2026-09-21,Introduction to Docker Containers & Kubernetes,30,Completed,4.6,Great code review on my GitHub repository. Will implement the suggested Dockerization.,Addressed resume positioning. Strongly recommended taking up AWS free tier labs.
SES280,STU114,MEN053,2026-09-16,Introduction to Docker Containers & Kubernetes,30,Completed,4.3,Practical and direct guidance. Mentor mapped out my entire 6-month timeline.,Solid algorithmic thinking. Advised to build one end-to-end full stack project.
SES281,STU255,MEN051,2026-07-15,Full-Stack Architecture with React & FastAPI,45,Completed,4.2,Extremely insightful session! Clear actionable milestones provided.,Reviewed portfolio. Clear progress made since previous checkpoint.
SES282,STU190,MEN062,2026-07-21,System Design: Microservices vs Monolith,60,Completed,4.3,Helped clarify my confusion between model training and actual MLOps deployment.,Student is motivated with good Python fundamentals. Needs to focus on Docker and cloud services.
SES283,STU087,MEN027,2026-08-03,Generative AI & RAG Application Architecture,60,Completed,4.1,Practical and direct guidance. Mentor mapped out my entire 6-month timeline.,Reviewed portfolio. Clear progress made since previous checkpoint.
SES284,STU291,MEN030,2026-10-09,AI Career Roadmap & Skill Gap Assessment,45,Completed,4.4,The mock interview gave me high confidence for my upcoming campus drive.,Solid algorithmic thinking. Advised to build one end-to-end full stack project.
SES285,STU290,MEN053,2026-09-23,Generative AI & RAG Application Architecture,45,Completed,4.2,Practical and direct guidance. Mentor mapped out my entire 6-month timeline.,Reviewed portfolio. Clear progress made since previous checkpoint.
SES286,STU161,MEN031,2026-10-23,System Design: Microservices vs Monolith,45,Completed,4.5,Practical and direct guidance. Mentor mapped out my entire 6-month timeline.,Student is motivated with good Python fundamentals. Needs to focus on Docker and cloud services.
SES287,STU040,MEN049,2026-07-06,Full-Stack Architecture with React & FastAPI,45,Completed,4.5,Extremely insightful session! Clear actionable milestones provided.,Solid algorithmic thinking. Advised to build one end-to-end full stack project.
SES288,STU059,MEN005,2026-10-06,Production ML Pipeline Deployment on AWS,60,Completed,4.6,Practical and direct guidance. Mentor mapped out my entire 6-month timeline.,Reviewed portfolio. Clear progress made since previous checkpoint.
SES289,STU281,MEN054,2026-07-10,Generative AI & RAG Application Architecture,45,Completed,4.1,The mock interview gave me high confidence for my upcoming campus drive.,Addressed resume positioning. Strongly recommended taking up AWS free tier labs.
SES290,STU315,MEN048,2026-08-05,Generative AI & RAG Application Architecture,60,Completed,4.3,Helped clarify my confusion between model training and actual MLOps deployment.,Addressed resume positioning. Strongly recommended taking up AWS free tier labs.
SES291,STU129,MEN061,2026-08-11,Generative AI & RAG Application Architecture,60,Completed,4.9,Helped clarify my confusion between model training and actual MLOps deployment.,Solid algorithmic thinking. Advised to build one end-to-end full stack project.
SES292,STU243,MEN002,2026-10-06,Mock Technical Coding Interview: DSA & Graphs,60,Completed,4.2,Extremely insightful session! Clear actionable milestones provided.,Student is motivated with good Python fundamentals. Needs to focus on Docker and cloud services.
SES293,STU097,MEN026,2026-07-18,Navigating Off-Campus Tech Internships,45,Scheduled,0.0,,
SES294,STU049,MEN008,2026-10-20,Production ML Pipeline Deployment on AWS,30,Scheduled,0.0,,
SES295,STU180,MEN029,2026-07-07,Resume Review & GitHub Portfolio Overhaul,60,Completed,4.3,Great code review on my GitHub repository. Will implement the suggested Dockerization.,Addressed resume positioning. Strongly recommended taking up AWS free tier labs.
SES296,STU207,MEN033,2026-08-03,Mock Technical Coding Interview: DSA & Graphs,30,Completed,4.6,Extremely insightful session! Clear actionable milestones provided.,Solid algorithmic thinking. Advised to build one end-to-end full stack project.
SES297,STU135,MEN014,2026-10-11,Database Indexing & Query Optimization in SQL,60,Completed,4.6,Practical and direct guidance. Mentor mapped out my entire 6-month timeline.,Addressed resume positioning. Strongly recommended taking up AWS free tier labs.
SES298,STU243,MEN027,2026-07-26,Database Indexing & Query Optimization in SQL,30,Completed,4.2,Helped clarify my confusion between model training and actual MLOps deployment.,Student is motivated with good Python fundamentals. Needs to focus on Docker and cloud services.
SES299,STU074,MEN022,2026-07-11,Generative AI & RAG Application Architecture,45,Completed,4.1,Extremely insightful session! Clear actionable milestones provided.,Solid algorithmic thinking. Advised to build one end-to-end full stack project.
SES300,STU218,MEN061,2026-09-17,Introduction to Docker Containers & Kubernetes,45,Completed,4.8,Helped clarify my confusion between model training and actual MLOps deployment.,Reviewed portfolio. Clear progress made since previous checkpoint.
SES301,STU243,MEN046,2026-09-17,Production ML Pipeline Deployment on AWS,60,Completed,4.1,Practical and direct guidance. Mentor mapped out my entire 6-month timeline.,Solid algorithmic thinking. Advised to build one end-to-end full stack project.
SES302,STU143,MEN019,2026-10-16,Generative AI & RAG Application Architecture,45,Completed,4.7,The mock interview gave me high confidence for my upcoming campus drive.,Student is motivated with good Python fundamentals. Needs to focus on Docker and cloud services.
SES303,STU179,MEN023,2026-09-28,Full-Stack Architecture with React & FastAPI,60,Completed,4.5,The mock interview gave me high confidence for my upcoming campus drive.,Reviewed portfolio. Clear progress made since previous checkpoint.
SES304,STU287,MEN025,2026-09-06,Navigating Off-Campus Tech Internships,45,Completed,4.9,Extremely insightful session! Clear actionable milestones provided.,Solid algorithmic thinking. Advised to build one end-to-end full stack project.
SES305,STU270,MEN025,2026-09-11,Generative AI & RAG Application Architecture,30,Completed,4.1,The mock interview gave me high confidence for my upcoming campus drive.,Addressed resume positioning. Strongly recommended taking up AWS free tier labs.
SES306,STU311,MEN035,2026-09-21,Mock Technical Coding Interview: DSA & Graphs,60,Completed,4.5,Extremely insightful session! Clear actionable milestones provided.,Addressed resume positioning. Strongly recommended taking up AWS free tier labs.
SES307,STU030,MEN004,2026-10-20,Navigating Off-Campus Tech Internships,45,Pending,0.0,,
SES308,STU089,MEN061,2026-07-02,Resume Review & GitHub Portfolio Overhaul,30,Cancelled,0.0,,
SES309,STU314,MEN020,2026-08-28,Production ML Pipeline Deployment on AWS,30,Pending,0.0,,
SES310,STU215,MEN016,2026-10-21,Generative AI & RAG Application Architecture,45,Completed,4.7,The mock interview gave me high confidence for my upcoming campus drive.,Student is motivated with good Python fundamentals. Needs to focus on Docker and cloud services.
SES311,STU100,MEN003,2026-09-23,Generative AI & RAG Application Architecture,30,Completed,4.2,Practical and direct guidance. Mentor mapped out my entire 6-month timeline.,Addressed resume positioning. Strongly recommended taking up AWS free tier labs.
SES312,STU207,MEN054,2026-07-03,Full-Stack Architecture with React & FastAPI,60,Scheduled,0.0,,
SES313,STU076,MEN035,2026-08-15,Generative AI & RAG Application Architecture,45,Completed,4.0,Practical and direct guidance. Mentor mapped out my entire 6-month timeline.,Solid algorithmic thinking. Advised to build one end-to-end full stack project.
SES314,STU089,MEN001,2026-09-18,Database Indexing & Query Optimization in SQL,60,Completed,4.4,The mock interview gave me high confidence for my upcoming campus drive.,Reviewed portfolio. Clear progress made since previous checkpoint.
SES315,STU045,MEN060,2026-07-03,Resume Review & GitHub Portfolio Overhaul,60,Completed,4.2,Extremely insightful session! Clear actionable milestones provided.,Solid algorithmic thinking. Advised to build one end-to-end full stack project.
SES316,STU011,MEN022,2026-08-21,Mock Technical Coding Interview: DSA & Graphs,60,Completed,4.4,Extremely insightful session! Clear actionable milestones provided.,Solid algorithmic thinking. Advised to build one end-to-end full stack project.
SES317,STU098,MEN017,2026-07-13,Production ML Pipeline Deployment on AWS,60,Completed,4.7,Helped clarify my confusion between model training and actual MLOps deployment.,Addressed resume positioning. Strongly recommended taking up AWS free tier labs.
SES318,STU162,MEN053,2026-08-09,Mock Technical Coding Interview: DSA & Graphs,60,Completed,4.9,Helped clarify my confusion between model training and actual MLOps deployment.,Addressed resume positioning. Strongly recommended taking up AWS free tier labs.
SES319,STU226,MEN034,2026-10-12,Production ML Pipeline Deployment on AWS,30,Completed,4.6,The mock interview gave me high confidence for my upcoming campus drive.,Reviewed portfolio. Clear progress made since previous checkpoint.
SES320,STU300,MEN050,2026-08-23,Resume Review & GitHub Portfolio Overhaul,60,Completed,4.4,The mock interview gave me high confidence for my upcoming campus drive.,Solid algorithmic thinking. Advised to build one end-to-end full stack project.
SES321,STU258,MEN035,2026-08-09,System Design: Microservices vs Monolith,60,Completed,4.2,The mock interview gave me high confidence for my upcoming campus drive.,Student is motivated with good Python fundamentals. Needs to focus on Docker and cloud services.
SES322,STU096,MEN061,2026-10-19,Database Indexing & Query Optimization in SQL,30,Completed,4.3,Practical and direct guidance. Mentor mapped out my entire 6-month timeline.,Reviewed portfolio. Clear progress made since previous checkpoint.
SES323,STU166,MEN014,2026-09-28,AI Career Roadmap & Skill Gap Assessment,30,Scheduled,0.0,,
SES324,STU216,MEN061,2026-09-21,Mock Technical Coding Interview: DSA & Graphs,30,Completed,4.9,Helped clarify my confusion between model training and actual MLOps deployment.,Addressed resume positioning. Strongly recommended taking up AWS free tier labs.
SES325,STU240,MEN024,2026-07-15,Database Indexing & Query Optimization in SQL,45,Cancelled,0.0,,
SES326,STU304,MEN056,2026-10-16,Full-Stack Architecture with React & FastAPI,45,Pending,0.0,,
SES327,STU192,MEN044,2026-10-10,Introduction to Docker Containers & Kubernetes,45,Completed,4.0,Helped clarify my confusion between model training and actual MLOps deployment.,Student is motivated with good Python fundamentals. Needs to focus on Docker and cloud services.
SES328,STU138,MEN052,2026-07-06,Generative AI & RAG Application Architecture,30,Scheduled,0.0,,
SES329,STU154,MEN026,2026-08-05,Mock Technical Coding Interview: DSA & Graphs,30,Completed,4.7,Extremely insightful session! Clear actionable milestones provided.,Student is motivated with good Python fundamentals. Needs to focus on Docker and cloud services.
SES330,STU178,MEN059,2026-08-15,Production ML Pipeline Deployment on AWS,45,Completed,4.0,Helped clarify my confusion between model training and actual MLOps deployment.,Solid algorithmic thinking. Advised to build one end-to-end full stack project.
SES331,STU158,MEN011,2026-08-28,Production ML Pipeline Deployment on AWS,60,Completed,4.2,Extremely insightful session! Clear actionable milestones provided.,Solid algorithmic thinking. Advised to build one end-to-end full stack project.
SES332,STU285,MEN048,2026-10-06,Full-Stack Architecture with React & FastAPI,45,Completed,4.3,Great code review on my GitHub repository. Will implement the suggested Dockerization.,Reviewed portfolio. Clear progress made since previous checkpoint.
SES333,STU193,MEN060,2026-08-25,System Design: Microservices vs Monolith,45,Pending,0.0,,
SES334,STU066,MEN041,2026-08-13,Resume Review & GitHub Portfolio Overhaul,45,Cancelled,0.0,,
SES335,STU218,MEN051,2026-07-12,Full-Stack Architecture with React & FastAPI,60,Completed,4.5,Practical and direct guidance. Mentor mapped out my entire 6-month timeline.,Student is motivated with good Python fundamentals. Needs to focus on Docker and cloud services.
SES336,STU092,MEN031,2026-09-11,System Design: Microservices vs Monolith,60,Completed,4.5,Extremely insightful session! Clear actionable milestones provided.,Reviewed portfolio. Clear progress made since previous checkpoint.
SES337,STU118,MEN018,2026-08-02,Resume Review & GitHub Portfolio Overhaul,45,Completed,4.2,Great code review on my GitHub repository. Will implement the suggested Dockerization.,Student is motivated with good Python fundamentals. Needs to focus on Docker and cloud services.
SES338,STU093,MEN055,2026-09-10,Mock Technical Coding Interview: DSA & Graphs,45,Completed,4.4,Great code review on my GitHub repository. Will implement the suggested Dockerization.,Student is motivated with good Python fundamentals. Needs to focus on Docker and cloud services.
SES339,STU092,MEN021,2026-07-15,Introduction to Docker Containers & Kubernetes,30,Completed,4.8,The mock interview gave me high confidence for my upcoming campus drive.,Student is motivated with good Python fundamentals. Needs to focus on Docker and cloud services.
SES340,STU083,MEN041,2026-10-22,Introduction to Docker Containers & Kubernetes,30,Completed,4.5,Great code review on my GitHub repository. Will implement the suggested Dockerization.,Reviewed portfolio. Clear progress made since previous checkpoint.
SES341,STU156,MEN055,2026-07-20,Navigating Off-Campus Tech Internships,60,Completed,4.8,Great code review on my GitHub repository. Will implement the suggested Dockerization.,Addressed resume positioning. Strongly recommended taking up AWS free tier labs.
SES342,STU172,MEN047,2026-08-14,Production ML Pipeline Deployment on AWS,30,Completed,4.5,Great code review on my GitHub repository. Will implement the suggested Dockerization.,Student is motivated with good Python fundamentals. Needs to focus on Docker and cloud services.
SES343,STU173,MEN034,2026-10-14,System Design: Microservices vs Monolith,45,Completed,4.0,The mock interview gave me high confidence for my upcoming campus drive.,Student is motivated with good Python fundamentals. Needs to focus on Docker and cloud services.
SES344,STU236,MEN047,2026-09-09,Generative AI & RAG Application Architecture,45,Completed,4.4,The mock interview gave me high confidence for my upcoming campus drive.,Student is motivated with good Python fundamentals. Needs to focus on Docker and cloud services.
SES345,STU092,MEN038,2026-10-01,Database Indexing & Query Optimization in SQL,30,Completed,4.4,The mock interview gave me high confidence for my upcoming campus drive.,Student is motivated with good Python fundamentals. Needs to focus on Docker and cloud services.
SES346,STU183,MEN005,2026-10-08,Production ML Pipeline Deployment on AWS,60,Completed,4.2,Practical and direct guidance. Mentor mapped out my entire 6-month timeline.,Student is motivated with good Python fundamentals. Needs to focus on Docker and cloud services.
SES347,STU075,MEN064,2026-09-12,Generative AI & RAG Application Architecture,60,Completed,5.0,Practical and direct guidance. Mentor mapped out my entire 6-month timeline.,Solid algorithmic thinking. Advised to build one end-to-end full stack project.
SES348,STU235,MEN006,2026-09-12,Introduction to Docker Containers & Kubernetes,60,Completed,4.0,Practical and direct guidance. Mentor mapped out my entire 6-month timeline.,Student is motivated with good Python fundamentals. Needs to focus on Docker and cloud services.
SES349,STU041,MEN044,2026-09-14,Introduction to Docker Containers & Kubernetes,30,Scheduled,0.0,,
SES350,STU095,MEN033,2026-07-27,Introduction to Docker Containers & Kubernetes,30,Pending,0.0,,
SES351,STU099,MEN034,2026-08-23,Full-Stack Architecture with React & FastAPI,45,Completed,4.8,The mock interview gave me high confidence for my upcoming campus drive.,Reviewed portfolio. Clear progress made since previous checkpoint.
SES352,STU141,MEN024,2026-07-20,Mock Technical Coding Interview: DSA & Graphs,30,Completed,4.4,Helped clarify my confusion between model training and actual MLOps deployment.,Addressed resume positioning. Strongly recommended taking up AWS free tier labs.
SES353,STU209,MEN027,2026-10-22,Database Indexing & Query Optimization in SQL,60,Completed,4.1,The mock interview gave me high confidence for my upcoming campus drive.,Reviewed portfolio. Clear progress made since previous checkpoint.
SES354,STU163,MEN013,2026-08-01,Database Indexing & Query Optimization in SQL,45,Completed,4.7,Helped clarify my confusion between model training and actual MLOps deployment.,Student is motivated with good Python fundamentals. Needs to focus on Docker and cloud services.
SES355,STU312,MEN059,2026-10-21,Database Indexing & Query Optimization in SQL,45,Scheduled,0.0,,
SES356,STU278,MEN050,2026-07-11,Production ML Pipeline Deployment on AWS,45,Completed,4.3,The mock interview gave me high confidence for my upcoming campus drive.,Reviewed portfolio. Clear progress made since previous checkpoint.
SES357,STU256,MEN027,2026-08-22,Database Indexing & Query Optimization in SQL,30,Completed,4.4,Great code review on my GitHub repository. Will implement the suggested Dockerization.,Student is motivated with good Python fundamentals. Needs to focus on Docker and cloud services.
SES358,STU250,MEN045,2026-08-24,Mock Technical Coding Interview: DSA & Graphs,45,Completed,5.0,The mock interview gave me high confidence for my upcoming campus drive.,Addressed resume positioning. Strongly recommended taking up AWS free tier labs.
SES359,STU232,MEN060,2026-08-20,Database Indexing & Query Optimization in SQL,45,Completed,4.6,Practical and direct guidance. Mentor mapped out my entire 6-month timeline.,Addressed resume positioning. Strongly recommended taking up AWS free tier labs.
SES360,STU213,MEN003,2026-09-18,Navigating Off-Campus Tech Internships,30,Cancelled,0.0,,
SES361,STU193,MEN017,2026-07-04,Database Indexing & Query Optimization in SQL,45,Completed,4.4,Helped clarify my confusion between model training and actual MLOps deployment.,Student is motivated with good Python fundamentals. Needs to focus on Docker and cloud services.
SES362,STU092,MEN021,2026-10-18,Introduction to Docker Containers & Kubernetes,45,Cancelled,0.0,,
SES363,STU112,MEN054,2026-09-11,Resume Review & GitHub Portfolio Overhaul,60,Scheduled,0.0,,
SES364,STU055,MEN041,2026-10-08,Mock Technical Coding Interview: DSA & Graphs,45,Completed,4.9,Great code review on my GitHub repository. Will implement the suggested Dockerization.,Reviewed portfolio. Clear progress made since previous checkpoint.
SES365,STU081,MEN023,2026-09-01,Production ML Pipeline Deployment on AWS,60,Completed,4.5,The mock interview gave me high confidence for my upcoming campus drive.,Reviewed portfolio. Clear progress made since previous checkpoint.
SES366,STU051,MEN050,2026-10-14,Production ML Pipeline Deployment on AWS,60,Completed,4.4,Extremely insightful session! Clear actionable milestones provided.,Solid algorithmic thinking. Advised to build one end-to-end full stack project.
SES367,STU318,MEN065,2026-10-01,Database Indexing & Query Optimization in SQL,60,Completed,4.3,Helped clarify my confusion between model training and actual MLOps deployment.,Solid algorithmic thinking. Advised to build one end-to-end full stack project.
SES368,STU242,MEN012,2026-07-24,Production ML Pipeline Deployment on AWS,45,Completed,4.6,Great code review on my GitHub repository. Will implement the suggested Dockerization.,Solid algorithmic thinking. Advised to build one end-to-end full stack project.
SES369,STU189,MEN031,2026-10-23,Mock Technical Coding Interview: DSA & Graphs,30,Completed,4.9,The mock interview gave me high confidence for my upcoming campus drive.,Solid algorithmic thinking. Advised to build one end-to-end full stack project.
SES370,STU016,MEN027,2026-10-15,Full-Stack Architecture with React & FastAPI,30,Completed,4.2,Practical and direct guidance. Mentor mapped out my entire 6-month timeline.,Reviewed portfolio. Clear progress made since previous checkpoint.
SES371,STU237,MEN065,2026-07-26,Database Indexing & Query Optimization in SQL,45,Scheduled,0.0,,
SES372,STU082,MEN032,2026-07-01,Introduction to Docker Containers & Kubernetes,30,Completed,4.7,Great code review on my GitHub repository. Will implement the suggested Dockerization.,Reviewed portfolio. Clear progress made since previous checkpoint.
SES373,STU214,MEN034,2026-07-23,Database Indexing & Query Optimization in SQL,60,Pending,0.0,,
SES374,STU274,MEN004,2026-10-27,AI Career Roadmap & Skill Gap Assessment,45,Completed,4.7,The mock interview gave me high confidence for my upcoming campus drive.,Reviewed portfolio. Clear progress made since previous checkpoint.
SES375,STU205,MEN057,2026-07-04,Production ML Pipeline Deployment on AWS,45,Completed,4.1,The mock interview gave me high confidence for my upcoming campus drive.,Student is motivated with good Python fundamentals. Needs to focus on Docker and cloud services.
SES376,STU212,MEN044,2026-08-26,Resume Review & GitHub Portfolio Overhaul,60,Completed,4.5,The mock interview gave me high confidence for my upcoming campus drive.,Student is motivated with good Python fundamentals. Needs to focus on Docker and cloud services.
SES377,STU038,MEN059,2026-10-25,Full-Stack Architecture with React & FastAPI,45,Pending,0.0,,
SES378,STU176,MEN038,2026-10-11,Navigating Off-Campus Tech Internships,60,Scheduled,0.0,,
SES379,STU133,MEN036,2026-07-25,Production ML Pipeline Deployment on AWS,30,Scheduled,0.0,,
SES380,STU268,MEN037,2026-08-12,Production ML Pipeline Deployment on AWS,60,Completed,4.6,The mock interview gave me high confidence for my upcoming campus drive.,Addressed resume positioning. Strongly recommended taking up AWS free tier labs.
SES381,STU157,MEN061,2026-10-22,Mock Technical Coding Interview: DSA & Graphs,30,Pending,0.0,,
SES382,STU066,MEN019,2026-09-28,Introduction to Docker Containers & Kubernetes,45,Scheduled,0.0,,
SES383,STU117,MEN004,2026-09-05,Generative AI & RAG Application Architecture,60,Completed,4.6,The mock interview gave me high confidence for my upcoming campus drive.,Addressed resume positioning. Strongly recommended taking up AWS free tier labs.
SES384,STU265,MEN052,2026-08-12,Generative AI & RAG Application Architecture,45,Completed,4.6,Practical and direct guidance. Mentor mapped out my entire 6-month timeline.,Addressed resume positioning. Strongly recommended taking up AWS free tier labs.
SES385,STU194,MEN063,2026-08-28,Generative AI & RAG Application Architecture,45,Scheduled,0.0,,
SES386,STU090,MEN062,2026-07-22,Mock Technical Coding Interview: DSA & Graphs,30,Completed,4.9,The mock interview gave me high confidence for my upcoming campus drive.,Solid algorithmic thinking. Advised to build one end-to-end full stack project.
SES387,STU115,MEN020,2026-07-21,Database Indexing & Query Optimization in SQL,60,Completed,4.2,Great code review on my GitHub repository. Will implement the suggested Dockerization.,Reviewed portfolio. Clear progress made since previous checkpoint.
SES388,STU007,MEN030,2026-08-12,AI Career Roadmap & Skill Gap Assessment,45,Pending,0.0,,
SES389,STU051,MEN043,2026-07-09,AI Career Roadmap & Skill Gap Assessment,45,Completed,4.6,Practical and direct guidance. Mentor mapped out my entire 6-month timeline.,Student is motivated with good Python fundamentals. Needs to focus on Docker and cloud services.
SES390,STU291,MEN032,2026-09-26,Navigating Off-Campus Tech Internships,30,Completed,4.7,Helped clarify my confusion between model training and actual MLOps deployment.,Solid algorithmic thinking. Advised to build one end-to-end full stack project.
SES391,STU021,MEN035,2026-09-03,Generative AI & RAG Application Architecture,45,Completed,4.7,Extremely insightful session! Clear actionable milestones provided.,Solid algorithmic thinking. Advised to build one end-to-end full stack project.
SES392,STU032,MEN027,2026-08-19,System Design: Microservices vs Monolith,60,Completed,4.8,Great code review on my GitHub repository. Will implement the suggested Dockerization.,Reviewed portfolio. Clear progress made since previous checkpoint.
SES393,STU027,MEN041,2026-07-07,Navigating Off-Campus Tech Internships,30,Scheduled,0.0,,
SES394,STU227,MEN011,2026-08-04,Mock Technical Coding Interview: DSA & Graphs,60,Completed,4.5,Helped clarify my confusion between model training and actual MLOps deployment.,Reviewed portfolio. Clear progress made since previous checkpoint.
SES395,STU005,MEN056,2026-10-25,AI Career Roadmap & Skill Gap Assessment,45,Completed,4.6,Practical and direct guidance. Mentor mapped out my entire 6-month timeline.,Reviewed portfolio. Clear progress made since previous checkpoint.
SES396,STU209,MEN035,2026-08-11,Mock Technical Coding Interview: DSA & Graphs,45,Completed,4.5,Practical and direct guidance. Mentor mapped out my entire 6-month timeline.,Addressed resume positioning. Strongly recommended taking up AWS free tier labs.
SES397,STU273,MEN032,2026-09-22,System Design: Microservices vs Monolith,30,Completed,4.6,The mock interview gave me high confidence for my upcoming campus drive.,Reviewed portfolio. Clear progress made since previous checkpoint.
SES398,STU250,MEN001,2026-10-16,Mock Technical Coding Interview: DSA & Graphs,30,Completed,4.2,Extremely insightful session! Clear actionable milestones provided.,Reviewed portfolio. Clear progress made since previous checkpoint.
SES399,STU227,MEN044,2026-08-07,System Design: Microservices vs Monolith,30,Scheduled,0.0,,
SES400,STU110,MEN040,2026-09-11,Mock Technical Coding Interview: DSA & Graphs,60,Completed,4.8,Great code review on my GitHub repository. Will implement the suggested Dockerization.,Student is motivated with good Python fundamentals. Needs to focus on Docker and cloud services.
SES401,STU108,MEN020,2026-08-07,Database Indexing & Query Optimization in SQL,60,Completed,4.8,Helped clarify my confusion between model training and actual MLOps deployment.,Solid algorithmic thinking. Advised to build one end-to-end full stack project.
SES402,STU081,MEN042,2026-10-21,Full-Stack Architecture with React & FastAPI,45,Completed,4.6,Great code review on my GitHub repository. Will implement the suggested Dockerization.,Addressed resume positioning. Strongly recommended taking up AWS free tier labs.
SES403,STU242,MEN039,2026-08-10,Navigating Off-Campus Tech Internships,45,Completed,4.3,The mock interview gave me high confidence for my upcoming campus drive.,Addressed resume positioning. Strongly recommended taking up AWS free tier labs.
SES404,STU218,MEN051,2026-10-01,Introduction to Docker Containers & Kubernetes,30,Cancelled,0.0,,
SES405,STU210,MEN046,2026-08-15,Mock Technical Coding Interview: DSA & Graphs,30,Scheduled,0.0,,
SES406,STU104,MEN027,2026-09-10,Resume Review & GitHub Portfolio Overhaul,30,Scheduled,0.0,,
SES407,STU165,MEN055,2026-09-18,Database Indexing & Query Optimization in SQL,60,Completed,4.6,Helped clarify my confusion between model training and actual MLOps deployment.,Solid algorithmic thinking. Advised to build one end-to-end full stack project.
SES408,STU226,MEN036,2026-07-08,AI Career Roadmap & Skill Gap Assessment,60,Completed,4.2,Great code review on my GitHub repository. Will implement the suggested Dockerization.,Reviewed portfolio. Clear progress made since previous checkpoint.
SES409,STU200,MEN063,2026-09-20,AI Career Roadmap & Skill Gap Assessment,60,Completed,4.6,Extremely insightful session! Clear actionable milestones provided.,Student is motivated with good Python fundamentals. Needs to focus on Docker and cloud services.
SES410,STU176,MEN036,2026-09-15,Production ML Pipeline Deployment on AWS,60,Completed,4.9,Extremely insightful session! Clear actionable milestones provided.,Reviewed portfolio. Clear progress made since previous checkpoint.
SES411,STU038,MEN042,2026-10-27,Production ML Pipeline Deployment on AWS,30,Cancelled,0.0,,
SES412,STU302,MEN039,2026-08-18,Database Indexing & Query Optimization in SQL,60,Completed,4.1,Helped clarify my confusion between model training and actual MLOps deployment.,Addressed resume positioning. Strongly recommended taking up AWS free tier labs.
SES413,STU134,MEN038,2026-07-05,System Design: Microservices vs Monolith,60,Scheduled,0.0,,
SES414,STU161,MEN047,2026-10-24,Full-Stack Architecture with React & FastAPI,30,Cancelled,0.0,,
SES415,STU165,MEN060,2026-10-12,Database Indexing & Query Optimization in SQL,60,Completed,4.3,The mock interview gave me high confidence for my upcoming campus drive.,Addressed resume positioning. Strongly recommended taking up AWS free tier labs.
SES416,STU012,MEN018,2026-10-14,Generative AI & RAG Application Architecture,30,Completed,4.4,Great code review on my GitHub repository. Will implement the suggested Dockerization.,Student is motivated with good Python fundamentals. Needs to focus on Docker and cloud services.
SES417,STU263,MEN048,2026-10-02,Mock Technical Coding Interview: DSA & Graphs,60,Completed,5.0,The mock interview gave me high confidence for my upcoming campus drive.,Reviewed portfolio. Clear progress made since previous checkpoint.
SES418,STU171,MEN009,2026-07-19,System Design: Microservices vs Monolith,60,Pending,0.0,,
SES419,STU058,MEN021,2026-07-19,System Design: Microservices vs Monolith,60,Completed,4.9,Practical and direct guidance. Mentor mapped out my entire 6-month timeline.,Solid algorithmic thinking. Advised to build one end-to-end full stack project.
SES420,STU221,MEN036,2026-10-24,Production ML Pipeline Deployment on AWS,60,Completed,4.2,The mock interview gave me high confidence for my upcoming campus drive.,Student is motivated with good Python fundamentals. Needs to focus on Docker and cloud services.
SES421,STU295,MEN044,2026-10-01,Database Indexing & Query Optimization in SQL,45,Completed,4.4,The mock interview gave me high confidence for my upcoming campus drive.,Student is motivated with good Python fundamentals. Needs to focus on Docker and cloud services.
SES422,STU010,MEN002,2026-09-14,Generative AI & RAG Application Architecture,45,Completed,4.2,Helped clarify my confusion between model training and actual MLOps deployment.,Addressed resume positioning. Strongly recommended taking up AWS free tier labs.
SES423,STU103,MEN046,2026-08-07,Production ML Pipeline Deployment on AWS,30,Pending,0.0,,
SES424,STU158,MEN024,2026-07-18,Generative AI & RAG Application Architecture,45,Completed,4.6,Extremely insightful session! Clear actionable milestones provided.,Solid algorithmic thinking. Advised to build one end-to-end full stack project.
SES425,STU036,MEN042,2026-08-22,Introduction to Docker Containers & Kubernetes,45,Completed,4.2,The mock interview gave me high confidence for my upcoming campus drive.,Solid algorithmic thinking. Advised to build one end-to-end full stack project.
SES426,STU120,MEN028,2026-09-01,Production ML Pipeline Deployment on AWS,45,Cancelled,0.0,,
SES427,STU064,MEN049,2026-10-28,AI Career Roadmap & Skill Gap Assessment,45,Completed,4.7,Helped clarify my confusion between model training and actual MLOps deployment.,Reviewed portfolio. Clear progress made since previous checkpoint.
SES428,STU225,MEN052,2026-08-25,Production ML Pipeline Deployment on AWS,60,Completed,4.4,Extremely insightful session! Clear actionable milestones provided.,Student is motivated with good Python fundamentals. Needs to focus on Docker and cloud services.
SES429,STU297,MEN016,2026-08-04,Resume Review & GitHub Portfolio Overhaul,45,Completed,4.9,Practical and direct guidance. Mentor mapped out my entire 6-month timeline.,Addressed resume positioning. Strongly recommended taking up AWS free tier labs.
SES430,STU098,MEN027,2026-09-16,AI Career Roadmap & Skill Gap Assessment,30,Completed,4.3,Extremely insightful session! Clear actionable milestones provided.,Reviewed portfolio. Clear progress made since previous checkpoint.
SES431,STU195,MEN054,2026-07-12,Introduction to Docker Containers & Kubernetes,60,Completed,4.4,The mock interview gave me high confidence for my upcoming campus drive.,Student is motivated with good Python fundamentals. Needs to focus on Docker and cloud services.
SES432,STU154,MEN030,2026-07-21,Introduction to Docker Containers & Kubernetes,45,Scheduled,0.0,,
SES433,STU009,MEN036,2026-09-02,Production ML Pipeline Deployment on AWS,30,Pending,0.0,,
SES434,STU091,MEN002,2026-08-05,Database Indexing & Query Optimization in SQL,30,Completed,4.7,Extremely insightful session! Clear actionable milestones provided.,Student is motivated with good Python fundamentals. Needs to focus on Docker and cloud services.
SES435,STU151,MEN048,2026-10-27,Production ML Pipeline Deployment on AWS,45,Scheduled,0.0,,
SES436,STU089,MEN023,2026-08-24,System Design: Microservices vs Monolith,30,Completed,4.8,Helped clarify my confusion between model training and actual MLOps deployment.,Addressed resume positioning. Strongly recommended taking up AWS free tier labs.
SES437,STU016,MEN064,2026-09-13,AI Career Roadmap & Skill Gap Assessment,30,Completed,4.6,The mock interview gave me high confidence for my upcoming campus drive.,Addressed resume positioning. Strongly recommended taking up AWS free tier labs.
SES438,STU170,MEN004,2026-07-24,Generative AI & RAG Application Architecture,45,Completed,4.9,Great code review on my GitHub repository. Will implement the suggested Dockerization.,Student is motivated with good Python fundamentals. Needs to focus on Docker and cloud services.
SES439,STU307,MEN022,2026-07-01,Introduction to Docker Containers & Kubernetes,30,Completed,4.3,Helped clarify my confusion between model training and actual MLOps deployment.,Student is motivated with good Python fundamentals. Needs to focus on Docker and cloud services.
SES440,STU058,MEN061,2026-10-28,Database Indexing & Query Optimization in SQL,60,Completed,4.9,Great code review on my GitHub repository. Will implement the suggested Dockerization.,Solid algorithmic thinking. Advised to build one end-to-end full stack project.
SES441,STU001,MEN040,2026-10-09,Database Indexing & Query Optimization in SQL,60,Completed,4.1,Practical and direct guidance. Mentor mapped out my entire 6-month timeline.,Addressed resume positioning. Strongly recommended taking up AWS free tier labs.
SES442,STU050,MEN062,2026-08-05,Full-Stack Architecture with React & FastAPI,60,Completed,4.2,Helped clarify my confusion between model training and actual MLOps deployment.,Solid algorithmic thinking. Advised to build one end-to-end full stack project.
SES443,STU043,MEN013,2026-10-10,Database Indexing & Query Optimization in SQL,30,Pending,0.0,,
SES444,STU128,MEN029,2026-08-24,Database Indexing & Query Optimization in SQL,60,Completed,4.7,The mock interview gave me high confidence for my upcoming campus drive.,Reviewed portfolio. Clear progress made since previous checkpoint.
SES445,STU265,MEN035,2026-08-11,Introduction to Docker Containers & Kubernetes,45,Cancelled,0.0,,
SES446,STU075,MEN005,2026-10-21,AI Career Roadmap & Skill Gap Assessment,30,Cancelled,0.0,,
SES447,STU094,MEN002,2026-07-27,Resume Review & GitHub Portfolio Overhaul,30,Completed,4.8,Helped clarify my confusion between model training and actual MLOps deployment.,Reviewed portfolio. Clear progress made since previous checkpoint.
SES448,STU293,MEN062,2026-09-07,Navigating Off-Campus Tech Internships,30,Completed,4.6,Practical and direct guidance. Mentor mapped out my entire 6-month timeline.,Reviewed portfolio. Clear progress made since previous checkpoint.
SES449,STU233,MEN034,2026-10-04,Resume Review & GitHub Portfolio Overhaul,30,Completed,4.7,Practical and direct guidance. Mentor mapped out my entire 6-month timeline.,Addressed resume positioning. Strongly recommended taking up AWS free tier labs.
SES450,STU131,MEN044,2026-10-22,System Design: Microservices vs Monolith,45,Completed,4.1,The mock interview gave me high confidence for my upcoming campus drive.,Addressed resume positioning. Strongly recommended taking up AWS free tier labs.
SES451,STU219,MEN004,2026-08-04,System Design: Microservices vs Monolith,60,Completed,4.2,Great code review on my GitHub repository. Will implement the suggested Dockerization.,Student is motivated with good Python fundamentals. Needs to focus on Docker and cloud services.
SES452,STU152,MEN017,2026-09-15,Introduction to Docker Containers & Kubernetes,60,Completed,4.4,Extremely insightful session! Clear actionable milestones provided.,Solid algorithmic thinking. Advised to build one end-to-end full stack project.
SES453,STU100,MEN019,2026-08-25,AI Career Roadmap & Skill Gap Assessment,30,Scheduled,0.0,,
SES454,STU182,MEN020,2026-07-26,Generative AI & RAG Application Architecture,30,Completed,4.5,Practical and direct guidance. Mentor mapped out my entire 6-month timeline.,Solid algorithmic thinking. Advised to build one end-to-end full stack project.
SES455,STU192,MEN021,2026-08-21,Production ML Pipeline Deployment on AWS,60,Completed,4.6,Practical and direct guidance. Mentor mapped out my entire 6-month timeline.,Solid algorithmic thinking. Advised to build one end-to-end full stack project.
SES456,STU313,MEN055,2026-09-02,Introduction to Docker Containers & Kubernetes,60,Completed,5.0,Great code review on my GitHub repository. Will implement the suggested Dockerization.,Addressed resume positioning. Strongly recommended taking up AWS free tier labs.
SES457,STU216,MEN061,2026-09-05,System Design: Microservices vs Monolith,45,Completed,4.7,The mock interview gave me high confidence for my upcoming campus drive.,Student is motivated with good Python fundamentals. Needs to focus on Docker and cloud services.
SES458,STU285,MEN040,2026-07-02,Navigating Off-Campus Tech Internships,30,Completed,4.8,Helped clarify my confusion between model training and actual MLOps deployment.,Solid algorithmic thinking. Advised to build one end-to-end full stack project.
SES459,STU125,MEN051,2026-10-13,System Design: Microservices vs Monolith,30,Completed,4.6,Helped clarify my confusion between model training and actual MLOps deployment.,Addressed resume positioning. Strongly recommended taking up AWS free tier labs.
SES460,STU142,MEN018,2026-07-24,Navigating Off-Campus Tech Internships,30,Completed,4.7,Helped clarify my confusion between model training and actual MLOps deployment.,Solid algorithmic thinking. Advised to build one end-to-end full stack project.
SES461,STU142,MEN042,2026-07-17,Full-Stack Architecture with React & FastAPI,60,Completed,4.3,Extremely insightful session! Clear actionable milestones provided.,Reviewed portfolio. Clear progress made since previous checkpoint.
SES462,STU225,MEN039,2026-10-05,AI Career Roadmap & Skill Gap Assessment,45,Completed,4.1,The mock interview gave me high confidence for my upcoming campus drive.,Addressed resume positioning. Strongly recommended taking up AWS free tier labs.
SES463,STU131,MEN015,2026-10-14,Database Indexing & Query Optimization in SQL,30,Scheduled,0.0,,
SES464,STU250,MEN038,2026-07-03,Full-Stack Architecture with React & FastAPI,60,Completed,5.0,Practical and direct guidance. Mentor mapped out my entire 6-month timeline.,Addressed resume positioning. Strongly recommended taking up AWS free tier labs.
SES465,STU254,MEN056,2026-07-21,Mock Technical Coding Interview: DSA & Graphs,60,Completed,4.1,The mock interview gave me high confidence for my upcoming campus drive.,Addressed resume positioning. Strongly recommended taking up AWS free tier labs.
SES466,STU261,MEN043,2026-09-12,Full-Stack Architecture with React & FastAPI,60,Completed,4.1,Extremely insightful session! Clear actionable milestones provided.,Reviewed portfolio. Clear progress made since previous checkpoint.
SES467,STU254,MEN029,2026-10-22,Mock Technical Coding Interview: DSA & Graphs,30,Scheduled,0.0,,
SES468,STU250,MEN049,2026-10-02,Database Indexing & Query Optimization in SQL,30,Scheduled,0.0,,
SES469,STU303,MEN013,2026-07-04,Database Indexing & Query Optimization in SQL,60,Completed,5.0,Helped clarify my confusion between model training and actual MLOps deployment.,Addressed resume positioning. Strongly recommended taking up AWS free tier labs.
SES470,STU310,MEN054,2026-07-12,Database Indexing & Query Optimization in SQL,60,Completed,4.6,Great code review on my GitHub repository. Will implement the suggested Dockerization.,Reviewed portfolio. Clear progress made since previous checkpoint.
SES471,STU020,MEN052,2026-10-22,AI Career Roadmap & Skill Gap Assessment,30,Scheduled,0.0,,
SES472,STU291,MEN024,2026-09-04,Navigating Off-Campus Tech Internships,45,Completed,4.3,Great code review on my GitHub repository. Will implement the suggested Dockerization.,Student is motivated with good Python fundamentals. Needs to focus on Docker and cloud services.
SES473,STU184,MEN045,2026-08-09,Navigating Off-Campus Tech Internships,60,Completed,4.4,Extremely insightful session! Clear actionable milestones provided.,Addressed resume positioning. Strongly recommended taking up AWS free tier labs.
SES474,STU135,MEN021,2026-09-24,Navigating Off-Campus Tech Internships,30,Completed,4.4,The mock interview gave me high confidence for my upcoming campus drive.,Solid algorithmic thinking. Advised to build one end-to-end full stack project.
SES475,STU171,MEN046,2026-08-11,Mock Technical Coding Interview: DSA & Graphs,30,Scheduled,0.0,,
SES476,STU047,MEN052,2026-10-21,Mock Technical Coding Interview: DSA & Graphs,60,Completed,4.2,Great code review on my GitHub repository. Will implement the suggested Dockerization.,Solid algorithmic thinking. Advised to build one end-to-end full stack project.
SES477,STU249,MEN045,2026-10-12,AI Career Roadmap & Skill Gap Assessment,30,Completed,4.8,Helped clarify my confusion between model training and actual MLOps deployment.,Addressed resume positioning. Strongly recommended taking up AWS free tier labs.
SES478,STU098,MEN040,2026-09-25,Database Indexing & Query Optimization in SQL,60,Completed,4.6,Helped clarify my confusion between model training and actual MLOps deployment.,Reviewed portfolio. Clear progress made since previous checkpoint.
SES479,STU039,MEN026,2026-07-23,Production ML Pipeline Deployment on AWS,60,Completed,4.6,Great code review on my GitHub repository. Will implement the suggested Dockerization.,Addressed resume positioning. Strongly recommended taking up AWS free tier labs.
SES480,STU175,MEN046,2026-08-13,Resume Review & GitHub Portfolio Overhaul,30,Completed,4.1,The mock interview gave me high confidence for my upcoming campus drive.,Student is motivated with good Python fundamentals. Needs to focus on Docker and cloud services.
SES481,STU227,MEN006,2026-08-22,Full-Stack Architecture with React & FastAPI,60,Completed,5.0,Extremely insightful session! Clear actionable milestones provided.,Reviewed portfolio. Clear progress made since previous checkpoint.
SES482,STU113,MEN032,2026-10-21,Mock Technical Coding Interview: DSA & Graphs,30,Completed,4.8,Helped clarify my confusion between model training and actual MLOps deployment.,Student is motivated with good Python fundamentals. Needs to focus on Docker and cloud services.
SES483,STU011,MEN062,2026-10-18,Introduction to Docker Containers & Kubernetes,30,Completed,4.6,Practical and direct guidance. Mentor mapped out my entire 6-month timeline.,Solid algorithmic thinking. Advised to build one end-to-end full stack project.
SES484,STU266,MEN052,2026-10-24,Mock Technical Coding Interview: DSA & Graphs,60,Scheduled,0.0,,
SES485,STU187,MEN034,2026-09-12,Generative AI & RAG Application Architecture,45,Completed,4.9,Helped clarify my confusion between model training and actual MLOps deployment.,Addressed resume positioning. Strongly recommended taking up AWS free tier labs.
SES486,STU040,MEN018,2026-08-26,Generative AI & RAG Application Architecture,60,Completed,4.5,Helped clarify my confusion between model training and actual MLOps deployment.,Student is motivated with good Python fundamentals. Needs to focus on Docker and cloud services.
SES487,STU244,MEN041,2026-08-24,Navigating Off-Campus Tech Internships,45,Completed,4.3,Practical and direct guidance. Mentor mapped out my entire 6-month timeline.,Solid algorithmic thinking. Advised to build one end-to-end full stack project.
SES488,STU295,MEN007,2026-10-16,AI Career Roadmap & Skill Gap Assessment,60,Completed,4.6,Extremely insightful session! Clear actionable milestones provided.,Solid algorithmic thinking. Advised to build one end-to-end full stack project.
SES489,STU230,MEN008,2026-10-28,System Design: Microservices vs Monolith,60,Completed,4.7,Extremely insightful session! Clear actionable milestones provided.,Addressed resume positioning. Strongly recommended taking up AWS free tier labs.
SES490,STU142,MEN033,2026-07-23,Database Indexing & Query Optimization in SQL,45,Pending,0.0,,
SES491,STU221,MEN018,2026-08-22,Resume Review & GitHub Portfolio Overhaul,30,Completed,4.5,Practical and direct guidance. Mentor mapped out my entire 6-month timeline.,Addressed resume positioning. Strongly recommended taking up AWS free tier labs.
SES492,STU292,MEN053,2026-09-28,Resume Review & GitHub Portfolio Overhaul,60,Completed,4.0,Practical and direct guidance. Mentor mapped out my entire 6-month timeline.,Student is motivated with good Python fundamentals. Needs to focus on Docker and cloud services.
SES493,STU062,MEN010,2026-07-17,Introduction to Docker Containers & Kubernetes,60,Scheduled,0.0,,
SES494,STU083,MEN025,2026-08-27,Resume Review & GitHub Portfolio Overhaul,30,Completed,4.2,Great code review on my GitHub repository. Will implement the suggested Dockerization.,Student is motivated with good Python fundamentals. Needs to focus on Docker and cloud services.
SES495,STU049,MEN052,2026-10-26,Resume Review & GitHub Portfolio Overhaul,30,Completed,4.4,Great code review on my GitHub repository. Will implement the suggested Dockerization.,Solid algorithmic thinking. Advised to build one end-to-end full stack project.
SES496,STU050,MEN040,2026-08-23,System Design: Microservices vs Monolith,30,Completed,4.4,The mock interview gave me high confidence for my upcoming campus drive.,Reviewed portfolio. Clear progress made since previous checkpoint.
SES497,STU134,MEN052,2026-08-12,Navigating Off-Campus Tech Internships,30,Completed,5.0,Extremely insightful session! Clear actionable milestones provided.,Addressed resume positioning. Strongly recommended taking up AWS free tier labs.
SES498,STU269,MEN033,2026-07-18,Production ML Pipeline Deployment on AWS,30,Completed,4.1,The mock interview gave me high confidence for my upcoming campus drive.,Student is motivated with good Python fundamentals. Needs to focus on Docker and cloud services.
SES499,STU271,MEN002,2026-09-13,System Design: Microservices vs Monolith,30,Completed,4.3,Practical and direct guidance. Mentor mapped out my entire 6-month timeline.,Addressed resume positioning. Strongly recommended taking up AWS free tier labs.
SES500,STU097,MEN064,2026-08-12,Database Indexing & Query Optimization in SQL,30,Completed,4.1,Helped clarify my confusion between model training and actual MLOps deployment.,Addressed resume positioning. Strongly recommended taking up AWS free tier labs.
SES501,STU226,MEN023,2026-08-27,Generative AI & RAG Application Architecture,30,Completed,4.8,Extremely insightful session! Clear actionable milestones provided.,Student is motivated with good Python fundamentals. Needs to focus on Docker and cloud services.
SES502,STU160,MEN038,2026-09-22,System Design: Microservices vs Monolith,45,Completed,4.2,Practical and direct guidance. Mentor mapped out my entire 6-month timeline.,Solid algorithmic thinking. Advised to build one end-to-end full stack project.
SES503,STU099,MEN020,2026-09-15,Generative AI & RAG Application Architecture,45,Scheduled,0.0,,
SES504,STU230,MEN015,2026-07-11,Full-Stack Architecture with React & FastAPI,45,Scheduled,0.0,,
SES505,STU073,MEN031,2026-08-26,Navigating Off-Campus Tech Internships,60,Completed,4.4,The mock interview gave me high confidence for my upcoming campus drive.,Student is motivated with good Python fundamentals. Needs to focus on Docker and cloud services.
SES506,STU303,MEN013,2026-07-22,Generative AI & RAG Application Architecture,60,Completed,4.7,Practical and direct guidance. Mentor mapped out my entire 6-month timeline.,Reviewed portfolio. Clear progress made since previous checkpoint.
SES507,STU103,MEN037,2026-08-15,Introduction to Docker Containers & Kubernetes,45,Completed,4.8,The mock interview gave me high confidence for my upcoming campus drive.,Reviewed portfolio. Clear progress made since previous checkpoint.
SES508,STU194,MEN011,2026-07-16,Database Indexing & Query Optimization in SQL,45,Completed,4.1,Practical and direct guidance. Mentor mapped out my entire 6-month timeline.,Reviewed portfolio. Clear progress made since previous checkpoint.
SES509,STU157,MEN064,2026-09-25,AI Career Roadmap & Skill Gap Assessment,60,Cancelled,0.0,,
SES510,STU022,MEN025,2026-09-19,Resume Review & GitHub Portfolio Overhaul,60,Completed,4.7,Practical and direct guidance. Mentor mapped out my entire 6-month timeline.,Solid algorithmic thinking. Advised to build one end-to-end full stack project.
SES511,STU025,MEN004,2026-09-13,Introduction to Docker Containers & Kubernetes,60,Completed,4.2,Practical and direct guidance. Mentor mapped out my entire 6-month timeline.,Student is motivated with good Python fundamentals. Needs to focus on Docker and cloud services.
SES512,STU261,MEN023,2026-09-22,Navigating Off-Campus Tech Internships,30,Completed,4.7,Helped clarify my confusion between model training and actual MLOps deployment.,Student is motivated with good Python fundamentals. Needs to focus on Docker and cloud services.
SES513,STU114,MEN041,2026-08-16,AI Career Roadmap & Skill Gap Assessment,45,Completed,4.2,Practical and direct guidance. Mentor mapped out my entire 6-month timeline.,Student is motivated with good Python fundamentals. Needs to focus on Docker and cloud services.
SES514,STU106,MEN015,2026-07-08,Introduction to Docker Containers & Kubernetes,30,Completed,4.7,The mock interview gave me high confidence for my upcoming campus drive.,Solid algorithmic thinking. Advised to build one end-to-end full stack project.
SES515,STU191,MEN052,2026-08-05,Introduction to Docker Containers & Kubernetes,60,Completed,4.6,Practical and direct guidance. Mentor mapped out my entire 6-month timeline.,Addressed resume positioning. Strongly recommended taking up AWS free tier labs.
SES516,STU293,MEN040,2026-09-14,Introduction to Docker Containers & Kubernetes,45,Completed,4.7,Great code review on my GitHub repository. Will implement the suggested Dockerization.,Reviewed portfolio. Clear progress made since previous checkpoint.
SES517,STU098,MEN063,2026-07-21,Production ML Pipeline Deployment on AWS,60,Completed,4.7,Extremely insightful session! Clear actionable milestones provided.,Reviewed portfolio. Clear progress made since previous checkpoint.
SES518,STU115,MEN010,2026-07-04,Production ML Pipeline Deployment on AWS,45,Scheduled,0.0,,
SES519,STU035,MEN024,2026-09-06,Mock Technical Coding Interview: DSA & Graphs,60,Completed,4.9,The mock interview gave me high confidence for my upcoming campus drive.,Reviewed portfolio. Clear progress made since previous checkpoint.
SES520,STU147,MEN037,2026-09-04,System Design: Microservices vs Monolith,60,Completed,4.8,Great code review on my GitHub repository. Will implement the suggested Dockerization.,Solid algorithmic thinking. Advised to build one end-to-end full stack project.
SES521,STU255,MEN026,2026-07-16,AI Career Roadmap & Skill Gap Assessment,45,Completed,4.5,Extremely insightful session! Clear actionable milestones provided.,Solid algorithmic thinking. Advised to build one end-to-end full stack project.
SES522,STU095,MEN011,2026-07-08,Introduction to Docker Containers & Kubernetes,60,Cancelled,0.0,,
SES523,STU190,MEN057,2026-08-15,Database Indexing & Query Optimization in SQL,30,Pending,0.0,,
SES524,STU258,MEN025,2026-08-24,Resume Review & GitHub Portfolio Overhaul,30,Cancelled,0.0,,
SES525,STU292,MEN002,2026-09-28,Navigating Off-Campus Tech Internships,30,Completed,5.0,Helped clarify my confusion between model training and actual MLOps deployment.,Addressed resume positioning. Strongly recommended taking up AWS free tier labs.
SES526,STU029,MEN051,2026-08-10,Full-Stack Architecture with React & FastAPI,45,Completed,4.5,Helped clarify my confusion between model training and actual MLOps deployment.,Solid algorithmic thinking. Advised to build one end-to-end full stack project.
SES527,STU225,MEN004,2026-07-27,Generative AI & RAG Application Architecture,30,Completed,4.2,Practical and direct guidance. Mentor mapped out my entire 6-month timeline.,Addressed resume positioning. Strongly recommended taking up AWS free tier labs.
SES528,STU074,MEN041,2026-07-22,Database Indexing & Query Optimization in SQL,60,Completed,4.1,Practical and direct guidance. Mentor mapped out my entire 6-month timeline.,Student is motivated with good Python fundamentals. Needs to focus on Docker and cloud services.
SES529,STU087,MEN042,2026-07-05,Introduction to Docker Containers & Kubernetes,30,Completed,4.9,Helped clarify my confusion between model training and actual MLOps deployment.,Student is motivated with good Python fundamentals. Needs to focus on Docker and cloud services.
SES530,STU289,MEN008,2026-07-28,AI Career Roadmap & Skill Gap Assessment,60,Completed,4.2,Extremely insightful session! Clear actionable milestones provided.,Student is motivated with good Python fundamentals. Needs to focus on Docker and cloud services.
SES531,STU244,MEN050,2026-10-15,Database Indexing & Query Optimization in SQL,45,Completed,4.9,Helped clarify my confusion between model training and actual MLOps deployment.,Reviewed portfolio. Clear progress made since previous checkpoint.
SES532,STU177,MEN059,2026-08-15,Production ML Pipeline Deployment on AWS,45,Completed,4.5,The mock interview gave me high confidence for my upcoming campus drive.,Solid algorithmic thinking. Advised to build one end-to-end full stack project.
SES533,STU090,MEN050,2026-08-12,Production ML Pipeline Deployment on AWS,30,Completed,4.7,Great code review on my GitHub repository. Will implement the suggested Dockerization.,Addressed resume positioning. Strongly recommended taking up AWS free tier labs.
SES534,STU236,MEN053,2026-08-13,Production ML Pipeline Deployment on AWS,60,Pending,0.0,,
SES535,STU181,MEN027,2026-10-14,Introduction to Docker Containers & Kubernetes,45,Completed,4.5,Great code review on my GitHub repository. Will implement the suggested Dockerization.,Reviewed portfolio. Clear progress made since previous checkpoint.
SES536,STU187,MEN044,2026-10-05,Full-Stack Architecture with React & FastAPI,60,Completed,4.7,Helped clarify my confusion between model training and actual MLOps deployment.,Solid algorithmic thinking. Advised to build one end-to-end full stack project.
SES537,STU098,MEN025,2026-09-15,Generative AI & RAG Application Architecture,45,Pending,0.0,,
SES538,STU192,MEN040,2026-10-05,Mock Technical Coding Interview: DSA & Graphs,60,Completed,4.5,Practical and direct guidance. Mentor mapped out my entire 6-month timeline.,Reviewed portfolio. Clear progress made since previous checkpoint.
SES539,STU212,MEN007,2026-08-11,Generative AI & RAG Application Architecture,45,Completed,4.6,Helped clarify my confusion between model training and actual MLOps deployment.,Reviewed portfolio. Clear progress made since previous checkpoint.
SES540,STU093,MEN057,2026-08-13,Database Indexing & Query Optimization in SQL,30,Completed,4.6,Helped clarify my confusion between model training and actual MLOps deployment.,Addressed resume positioning. Strongly recommended taking up AWS free tier labs.
