student_id,name,age,gender,department,semester,cgpa,skills,interests,career_goal,target_role,experience_level,projects,preferred_learning_style,communication_preference,availability,career_readiness_score,resume_score,confidence_score,location,bio
STU001,Sanath Sharma,21,Male,Computer Science Engineering,5,6.99,"Python, React, Node.js, Machine Learning, MongoDB, FastAPI","Generative AI, Cloud, MLOps, Full Stack Development",AI + Full Stack Engineer,AI Engineer,Intermediate,"RAG Document Assistant, Full-Stack E-commerce API, Sentiment Analyzer with PyTorch",Hands-on Projects,Async & Weekly Sync,Weekends & Evenings,68,74,72,"Campus Residency, Block B","5th semester CSE student passionate about bridging machine learning microservices with production full-stack systems. Seeking guidance on cloud architecture, system design, and AI internships."
STU002,Rohan Patel,20,Male,Computer Science Engineering,8,7.41,"FastAPI, React, Git, Java","System Scalability, Competitive Coding",Senior Full Stack Developer,Full Stack Developer,Advanced,"Portfolio Website and REST API, Machine Learning Classifier on Kaggle, Automated Testing and CI/CD Pipeline",Step-by-step Guidance,Flexible Office Hours,Weekends Only,83,51,75,North Campus,8th semester Computer Science Engineering student targeting a career as a Full Stack Developer. Eager to build real-world software and prepare for upcoming campus recruitment.
STU003,Ankit Trivedi,19,Male,Information Technology,8,7.89,"Python, Communication, Data Structures, RAG, Algorithms","Generative AI, Web3, Cloud Deployment",Senior Software Engineer,Software Engineer,Intermediate,"Real-time Chat Application with FastAPI, Machine Learning Classifier on Kaggle, Distributed Software Engineer Pipeline",Hands-on Projects,Weekly Video Calls,Weekends Only,50,85,58,North Campus,8th semester Information Technology student targeting a career as a Software Engineer. Eager to build real-world software and prepare for upcoming campus recruitment.
STU004,Pranav Pillai,20,Male,Computer Science Engineering,6,7.42,"Kubernetes, Data Structures, RAG, Power BI, Data Analysis, Node.js","Open Source, AI Agents, System Scalability, Cloud Deployment",Data Analyst Specialist,Data Analyst,Intermediate,"Distributed Data Analyst Pipeline, Real-time Chat Application with FastAPI, Kubernetes Analytics Dashboard",Hands-on Projects,Bi-weekly Mentorship,Evenings,69,67,80,Off-Campus,6th semester Computer Science Engineering student targeting a career as a Data Analyst. Eager to build real-world software and prepare for upcoming campus recruitment.
STU005,Arjun Kumar,20,Male,Electrical Engineering,8,7.54,"Docker, Communication, Power BI, Tableau, DevOps, MLOps, SQL, Data Analysis","Competitive Coding, Robotics, AI Agents, Open Source",Data Analyst Specialist,Data Analyst,Beginner,Docker Analytics Dashboard,Conceptual / Theory First,Chat & Code Reviews,High (Flexible),53,82,71,North Campus,8th semester Electrical Engineering student targeting a career as a Data Analyst. Eager to build real-world software and prepare for upcoming campus recruitment.
STU006,Pari Bose,20,Female,Electrical Engineering,6,8.25,"Design Systems, Data Structures, UI/UX, Machine Learning, React, Git","Open Source, Web3, Generative AI",UI/UX Designer Specialist,UI/UX Designer,Advanced,"Design Systems Analytics Dashboard, Real-time Chat Application with React, Distributed UI/UX Designer Pipeline",Pair Programming,Weekly Video Calls,High (Flexible),91,66,72,North Campus,6th semester Electrical Engineering student targeting a career as a UI/UX Designer. Eager to build real-world software and prepare for upcoming campus recruitment.
STU007,Ira Rao,23,Female,Electronics & Communication,3,6.87,"FastAPI, Kubernetes, AWS, Git, Docker","Web3, Cloud Deployment, Open Source, AI Agents",Cloud Engineer Specialist,Cloud Engineer,Advanced,"Machine Learning Classifier on Kaggle, Automated Testing and CI/CD Pipeline, Distributed Cloud Engineer Pipeline",Conceptual / Theory First,Bi-weekly Mentorship,Evenings,75,85,50,Off-Campus,3th semester Electronics & Communication student targeting a career as a Cloud Engineer. Eager to build real-world software and prepare for upcoming campus recruitment.
STU008,Anvi Shah,23,Female,Electrical Engineering,6,6.9,"GitHub, Python, Git, Azure, Node.js","Generative AI, System Scalability, Cloud Deployment, Competitive Coding",Senior Full Stack Developer,Full Stack Developer,Intermediate,"Automated Testing and CI/CD Pipeline, Distributed Full Stack Developer Pipeline, Machine Learning Classifier on Kaggle",Discussion & Case Studies,Chat & Code Reviews,Moderate (2 hrs/week),49,82,55,Tech Hub Wing,6th semester Electrical Engineering student targeting a career as a Full Stack Developer. Eager to build real-world software and prepare for upcoming campus recruitment.
STU009,Isha Kumar,22,Female,Computer Science Engineering,3,8.67,"Data Structures, Django, AWS, GCP, Git, Azure, Docker","System Scalability, AI Agents",Cloud Engineer Specialist,Cloud Engineer,Intermediate,"Distributed Cloud Engineer Pipeline, Data Structures Analytics Dashboard",Discussion & Case Studies,Async & Weekly Sync,High (3-4 hrs/week),53,77,51,North Campus,3th semester Computer Science Engineering student targeting a career as a Cloud Engineer. Eager to build real-world software and prepare for upcoming campus recruitment.
STU010,Reyansh Kothari,21,Male,Information Technology,4,7.84,"Communication, UI/UX, Public Speaking, Product Management, Docker","Robotics, AI Agents, Web3",Senior Product Manager,Product Manager,Beginner,"Portfolio Website and REST API, Machine Learning Classifier on Kaggle, Communication Analytics Dashboard",Hands-on Projects,Async & Weekly Sync,High (Flexible),57,68,53,Tech Hub Wing,4th semester Information Technology student targeting a career as a Product Manager. Eager to build real-world software and prepare for upcoming campus recruitment.
STU011,Navya Kothari,20,Female,Electrical Engineering,4,6.69,"Communication, Design Systems, Figma, UI/UX, GCP, Machine Learning","System Scalability, Generative AI, Cloud Deployment, Competitive Coding",Senior UI/UX Designer,UI/UX Designer,Advanced,"Distributed UI/UX Designer Pipeline, Real-time Chat Application with Node.js",Pair Programming,Chat & Code Reviews,Moderate (2 hrs/week),82,86,73,Off-Campus,4th semester Electrical Engineering student targeting a career as a UI/UX Designer. Eager to build real-world software and prepare for upcoming campus recruitment.
STU012,Myra Rao,19,Female,Computer Science Engineering,3,8.01,"Linux, CI/CD, Algorithms, DevOps, Deep Learning","System Scalability, Mobile Apps",DevOps Engineer Specialist,DevOps Engineer,Intermediate,"Machine Learning Classifier on Kaggle, Portfolio Website and REST API",Discussion & Case Studies,Bi-weekly Mentorship,High (3-4 hrs/week),55,78,74,South Hostel,3th semester Computer Science Engineering student targeting a career as a DevOps Engineer. Eager to build real-world software and prepare for upcoming campus recruitment.
STU013,Aaryan Patel,23,Male,Computer Science Engineering,8,8.33,"Docker, Python, Communication, Power BI, SQL, Data Analysis","Generative AI, Cloud Deployment, Robotics",Senior Software Engineer,Software Engineer,Intermediate,"Real-time Chat Application with React, Distributed Software Engineer Pipeline, Automated Testing and CI/CD Pipeline",Step-by-step Guidance,Flexible Office Hours,High (3-4 hrs/week),47,50,61,North Campus,8th semester Computer Science Engineering student targeting a career as a Software Engineer. Eager to build real-world software and prepare for upcoming campus recruitment.
STU014,Arjun Shah,20,Male,Mechanical Engineering,4,8.3,"Linux, JavaScript, AWS, GCP, Cybersecurity","System Scalability, Competitive Coding, Cloud Deployment",Cloud Engineer Specialist,Cloud Engineer,Intermediate,Distributed Cloud Engineer Pipeline,Conceptual / Theory First,Chat & Code Reviews,High (3-4 hrs/week),80,76,79,South Hostel,4th semester Mechanical Engineering student targeting a career as a Cloud Engineer. Eager to build real-world software and prepare for upcoming campus recruitment.
STU015,Priya Kothari,21,Female,Artificial Intelligence & Data Science,6,9.15,"Python, Public Speaking, Machine Learning, Research, Deep Learning","System Scalability, Web3",Researcher Specialist,Researcher,Intermediate,"Distributed Researcher Pipeline, Automated Testing and CI/CD Pipeline, Real-time Chat Application with React",Hands-on Projects,Bi-weekly Mentorship,Weekends Only,64,64,54,Tech Hub Wing,6th semester Artificial Intelligence & Data Science student targeting a career as a Researcher. Eager to build real-world software and prepare for upcoming campus recruitment.
STU016,Neha Menon,21,Female,Electrical Engineering,5,9.6,"FastAPI, Python, Communication, System Design, Algorithms, Computer Vision, Deep Learning","Competitive Coding, AI Agents, Cloud Deployment",AI/ML Engineer Specialist,AI/ML Engineer,Intermediate,"Automated Testing and CI/CD Pipeline, FastAPI Analytics Dashboard, Distributed AI/ML Engineer Pipeline",Step-by-step Guidance,Async & Weekly Sync,Weekends Only,81,62,56,Off-Campus,5th semester Electrical Engineering student targeting a career as a AI/ML Engineer. Eager to build real-world software and prepare for upcoming campus recruitment.
STU017,Sneha Pillai,23,Female,Computer Science Engineering,8,9.47,"MongoDB, Communication, JavaScript, Design Systems, React","Robotics, Open Source, Fintech",Senior UI/UX Designer,UI/UX Designer,Intermediate,Automated Testing and CI/CD Pipeline,Discussion & Case Studies,Bi-weekly Mentorship,Evenings,80,50,59,Tech Hub Wing,8th semester Computer Science Engineering student targeting a career as a UI/UX Designer. Eager to build real-world software and prepare for upcoming campus recruitment.
STU018,Anvi Deshmukh,22,Female,Information Technology,7,8.06,"FastAPI, Public Speaking, Algorithms, GCP, Research","Fintech, System Scalability, AI Agents, Cloud Deployment",Senior Researcher,Researcher,Beginner,Automated Testing and CI/CD Pipeline,Discussion & Case Studies,Weekly Video Calls,Evenings,47,65,70,Tech Hub Wing,7th semester Information Technology student targeting a career as a Researcher. Eager to build real-world software and prepare for upcoming campus recruitment.
STU019,Kiara Iyer,23,Female,Information Technology,8,8.77,"Python, Public Speaking, GCP, Machine Learning, MLOps, Deep Learning","Web3, AI Agents",AI/ML Engineer Specialist,AI/ML Engineer,Advanced,"Portfolio Website and REST API, Machine Learning Classifier on Kaggle, Automated Testing and CI/CD Pipeline",Step-by-step Guidance,Weekly Video Calls,Evenings,83,70,88,Tech Hub Wing,8th semester Information Technology student targeting a career as a AI/ML Engineer. Eager to build real-world software and prepare for upcoming campus recruitment.
STU020,Aaryan Pandey,20,Male,Information Technology,8,7.42,"Kubernetes, JavaScript, UI/UX, GCP, React, Git","Mobile Apps, AI Agents, Cloud Deployment",UI/UX Designer Specialist,UI/UX Designer,Beginner,Portfolio Website and REST API,Hands-on Projects,Chat & Code Reviews,Evenings,54,64,64,Off-Campus,8th semester Information Technology student targeting a career as a UI/UX Designer. Eager to build real-world software and prepare for upcoming campus recruitment.
STU021,Ahana Choudhury,21,Female,Electronics & Communication,3,7.18,"Cybersecurity, Python, Linux, System Design, Algorithms, SQL","Robotics, Competitive Coding, System Scalability",Senior Cybersecurity Analyst,Cybersecurity Analyst,Intermediate,Automated Testing and CI/CD Pipeline,Step-by-step Guidance,Weekly Video Calls,Evenings,59,67,67,South Hostel,3th semester Electronics & Communication student targeting a career as a Cybersecurity Analyst. Eager to build real-world software and prepare for upcoming campus recruitment.
STU022,Kavya Kapoor,19,Female,Computer Science Engineering,6,8.45,"Communication, Data Structures, System Design, UI/UX, Tableau, SQL, Data Analysis","Web3, Mobile Apps",Senior Data Analyst,Data Analyst,Intermediate,"Communication Analytics Dashboard, Automated Testing and CI/CD Pipeline",Discussion & Case Studies,Async & Weekly Sync,Weekends Only,69,67,88,South Hostel,6th semester Computer Science Engineering student targeting a career as a Data Analyst. Eager to build real-world software and prepare for upcoming campus recruitment.
STU023,Vikram Mehta,21,Male,Mechanical Engineering,3,8.99,"GitHub, Python, Research, Node.js","Cloud Deployment, System Scalability, Web3, Mobile Apps",Senior Full Stack Developer,Full Stack Developer,Intermediate,"Portfolio Website and REST API, GitHub Analytics Dashboard, Distributed Full Stack Developer Pipeline",Hands-on Projects,Flexible Office Hours,High (3-4 hrs/week),68,60,78,Off-Campus,3th semester Mechanical Engineering student targeting a career as a Full Stack Developer. Eager to build real-world software and prepare for upcoming campus recruitment.
STU024,Siya Deshmukh,22,Female,Electronics & Communication,6,9.61,"FastAPI, MongoDB, Python, Generative AI, JavaScript, Machine Learning, React, SQL","AI Agents, Robotics, Mobile Apps",Senior Full Stack Developer,Full Stack Developer,Beginner,"Automated Testing and CI/CD Pipeline, FastAPI Analytics Dashboard",Pair Programming,Chat & Code Reviews,Moderate (2 hrs/week),77,91,61,Tech Hub Wing,6th semester Electronics & Communication student targeting a career as a Full Stack Developer. Eager to build real-world software and prepare for upcoming campus recruitment.
STU025,Shaurya Mishra,21,Male,Electrical Engineering,8,7.39,"FastAPI, Communication, JavaScript, Figma, React","Web3, System Scalability, Competitive Coding",UI/UX Designer Specialist,UI/UX Designer,Advanced,Automated Testing and CI/CD Pipeline,Conceptual / Theory First,Chat & Code Reviews,Moderate (2 hrs/week),84,92,64,Off-Campus,8th semester Electrical Engineering student targeting a career as a UI/UX Designer. Eager to build real-world software and prepare for upcoming campus recruitment.
STU026,Aaryan Rao,22,Male,Artificial Intelligence & Data Science,7,8.81,"Python, Communication, Algorithms, GCP, MLOps, SQL, Docker","Web3, Competitive Coding, AI Agents, Robotics",Software Engineer Specialist,Software Engineer,Beginner,"Distributed Software Engineer Pipeline, Real-time Chat Application with Node.js, Machine Learning Classifier on Kaggle",Discussion & Case Studies,Flexible Office Hours,Weekends Only,50,68,54,Tech Hub Wing,7th semester Artificial Intelligence & Data Science student targeting a career as a Software Engineer. Eager to build real-world software and prepare for upcoming campus recruitment.
STU027,Priya Kapoor,21,Female,Artificial Intelligence & Data Science,5,8.82,"DevOps, Python, Java, Algorithms","Open Source, System Scalability, AI Agents, Mobile Apps",Senior Software Engineer,Software Engineer,Intermediate,"Real-time Chat Application with FastAPI, DevOps Analytics Dashboard, Distributed Software Engineer Pipeline",Conceptual / Theory First,Bi-weekly Mentorship,Moderate (2 hrs/week),62,87,88,Off-Campus,5th semester Artificial Intelligence & Data Science student targeting a career as a Software Engineer. Eager to build real-world software and prepare for upcoming campus recruitment.
STU028,Aarav Kulkarni,19,Male,Electrical Engineering,4,7.41,"FastAPI, Python, Leadership, Machine Learning, MLOps, Research, Deep Learning","Open Source, Generative AI, Fintech",AI Engineer Specialist,AI Engineer,Intermediate,Machine Learning Classifier on Kaggle,Conceptual / Theory First,Weekly Video Calls,High (Flexible),52,54,65,Off-Campus,4th semester Electrical Engineering student targeting a career as a AI Engineer. Eager to build real-world software and prepare for upcoming campus recruitment.
STU029,Reyansh Iyer,23,Male,Computer Science Engineering,7,9.02,"GitHub, Python, Communication, CI/CD, Generative AI, AWS, DevOps","Generative AI, Cloud Deployment, System Scalability, Mobile Apps",DevOps Engineer Specialist,DevOps Engineer,Beginner,Distributed DevOps Engineer Pipeline,Hands-on Projects,Weekly Video Calls,High (3-4 hrs/week),61,92,45,Tech Hub Wing,7th semester Computer Science Engineering student targeting a career as a DevOps Engineer. Eager to build real-world software and prepare for upcoming campus recruitment.
STU030,Anvi Kulkarni,21,Female,Electrical Engineering,6,7.46,"MongoDB, Python, Communication, LLMs, React, Docker, Node.js","AI Agents, System Scalability",Senior Full Stack Developer,Full Stack Developer,Advanced,Distributed Full Stack Developer Pipeline,Discussion & Case Studies,Flexible Office Hours,Weekends Only,54,67,49,Tech Hub Wing,6th semester Electrical Engineering student targeting a career as a Full Stack Developer. Eager to build real-world software and prepare for upcoming campus recruitment.
STU031,Sai Choudhury,20,Male,Mechanical Engineering,5,8.81,"Data Structures, System Design, RAG, Algorithms, Docker","Generative AI, Cloud Deployment, System Scalability",Software Engineer Specialist,Software Engineer,Advanced,"Machine Learning Classifier on Kaggle, Data Structures Analytics Dashboard",Step-by-step Guidance,Flexible Office Hours,Evenings,81,87,41,Off-Campus,5th semester Mechanical Engineering student targeting a career as a Software Engineer. Eager to build real-world software and prepare for upcoming campus recruitment.
STU032,Shaurya Agarwal,22,Male,Electronics & Communication,8,9.19,"Python, Data Structures, MLOps, SQL, Docker","Web3, Fintech, Robotics",AI/ML Engineer Specialist,AI/ML Engineer,Advanced,"Real-time Chat Application with Node.js, Python Analytics Dashboard",Discussion & Case Studies,Async & Weekly Sync,High (Flexible),47,79,45,Tech Hub Wing,8th semester Electronics & Communication student targeting a career as a AI/ML Engineer. Eager to build real-world software and prepare for upcoming campus recruitment.
STU033,Isha Verma,23,Female,Information Technology,7,7.69,"Communication, Leadership, Git, Data Analysis","Web3, Cloud Deployment, Generative AI",Product Manager Specialist,Product Manager,Advanced,"Machine Learning Classifier on Kaggle, Communication Analytics Dashboard",Step-by-step Guidance,Async & Weekly Sync,Moderate (2 hrs/week),83,65,85,North Campus,7th semester Information Technology student targeting a career as a Product Manager. Eager to build real-world software and prepare for upcoming campus recruitment.
STU034,Myra Patel,21,Female,Mechanical Engineering,4,8.14,"Python, Algorithms, Public Speaking, NLP, Machine Learning, MLOps, Research","System Scalability, AI Agents, Open Source",Senior Researcher,Researcher,Beginner,"Python Analytics Dashboard, Real-time Chat Application with FastAPI",Discussion & Case Studies,Flexible Office Hours,Evenings,62,76,61,South Hostel,4th semester Mechanical Engineering student targeting a career as a Researcher. Eager to build real-world software and prepare for upcoming campus recruitment.
STU035,Anvi Kapoor,22,Female,Electronics & Communication,5,7.6,"Figma, JavaScript, Design Systems, UI/UX, System Design","Web3, Robotics, AI Agents, Mobile Apps",Senior UI/UX Designer,UI/UX Designer,Advanced,"Machine Learning Classifier on Kaggle, Real-time Chat Application with React, Figma Analytics Dashboard",Hands-on Projects,Flexible Office Hours,Evenings,54,81,42,North Campus,5th semester Electronics & Communication student targeting a career as a UI/UX Designer. Eager to build real-world software and prepare for upcoming campus recruitment.
STU036,Karan Gupta,22,Male,Electronics & Communication,8,9.7,"FastAPI, Python, UI/UX, DevOps, SQL, Docker","Web3, AI Agents, Generative AI",AI/ML Engineer Specialist,AI/ML Engineer,Advanced,"Distributed AI/ML Engineer Pipeline, FastAPI Analytics Dashboard",Hands-on Projects,Async & Weekly Sync,Evenings,49,65,80,South Hostel,8th semester Electronics & Communication student targeting a career as a AI/ML Engineer. Eager to build real-world software and prepare for upcoming campus recruitment.
STU037,Pooja Reddy,22,Female,Computer Science Engineering,3,7.57,"FastAPI, RAG, NLP, AWS, Computer Vision, SQL, Deep Learning","Robotics, System Scalability, Web3, Fintech",Senior AI Engineer,AI Engineer,Beginner,"Real-time Chat Application with Node.js, FastAPI Analytics Dashboard",Pair Programming,Flexible Office Hours,Moderate (2 hrs/week),59,79,80,North Campus,3th semester Computer Science Engineering student targeting a career as a AI Engineer. Eager to build real-world software and prepare for upcoming campus recruitment.
STU038,Anvi Joshi,19,Female,Electrical Engineering,5,8.61,"GCP, Python, Communication, Linux, Networking, Django","Competitive Coding, Mobile Apps, Fintech",Cybersecurity Analyst Specialist,Cybersecurity Analyst,Advanced,"GCP Analytics Dashboard, Machine Learning Classifier on Kaggle",Discussion & Case Studies,Chat & Code Reviews,Weekends Only,63,51,82,South Hostel,5th semester Electrical Engineering student targeting a career as a Cybersecurity Analyst. Eager to build real-world software and prepare for upcoming campus recruitment.
STU039,Ira Trivedi,21,Female,Artificial Intelligence & Data Science,4,8.6,"GitHub, Kubernetes, JavaScript, AWS, Leadership, Git, Docker","Mobile Apps, Open Source, Cloud Deployment, AI Agents",Senior DevOps Engineer,DevOps Engineer,Intermediate,Machine Learning Classifier on Kaggle,Discussion & Case Studies,Flexible Office Hours,Weekends Only,92,76,51,South Hostel,4th semester Artificial Intelligence & Data Science student targeting a career as a DevOps Engineer. Eager to build real-world software and prepare for upcoming campus recruitment.
STU040,Aaryan Kothari,21,Male,Electronics & Communication,5,8.96,"Cybersecurity, Figma, Linux, GCP, MLOps, Azure, Docker","Robotics, Generative AI",Cloud Engineer Specialist,Cloud Engineer,Intermediate,"Portfolio Website and REST API, Real-time Chat Application with Node.js, Automated Testing and CI/CD Pipeline",Hands-on Projects,Weekly Video Calls,Evenings,79,57,69,North Campus,5th semester Electronics & Communication student targeting a career as a Cloud Engineer. Eager to build real-world software and prepare for upcoming campus recruitment.
STU041,Kavya Shah,22,Female,Electrical Engineering,5,9.52,"FastAPI, JavaScript, React, SQL, Docker","Web3, Cloud Deployment, AI Agents",Full Stack Developer Specialist,Full Stack Developer,Beginner,"Portfolio Website and REST API, Machine Learning Classifier on Kaggle",Discussion & Case Studies,Weekly Video Calls,Evenings,79,58,64,North Campus,5th semester Electrical Engineering student targeting a career as a Full Stack Developer. Eager to build real-world software and prepare for upcoming campus recruitment.
STU042,Aanya Bansal,23,Female,Electronics & Communication,5,6.61,"Python, Algorithms, DevOps, Azure, Docker","Robotics, Fintech",Senior Cloud Engineer,Cloud Engineer,Beginner,Portfolio Website and REST API,Hands-on Projects,Async & Weekly Sync,Weekends Only,52,79,45,South Hostel,5th semester Electronics & Communication student targeting a career as a Cloud Engineer. Eager to build real-world software and prepare for upcoming campus recruitment.
STU043,Ayaan Trivedi,20,Male,Electrical Engineering,4,6.73,"Figma, Design Systems, Python, Kubernetes, NLP, React","AI Agents, Fintech",Senior UI/UX Designer,UI/UX Designer,Beginner,Real-time Chat Application with React,Discussion & Case Studies,Bi-weekly Mentorship,High (3-4 hrs/week),52,92,41,South Hostel,4th semester Electrical Engineering student targeting a career as a UI/UX Designer. Eager to build real-world software and prepare for upcoming campus recruitment.
STU044,Aaryan Verma,22,Male,Information Technology,8,7.89,"FastAPI, Leadership, Computer Vision, MLOps, Docker","System Scalability, Generative AI, Fintech, Competitive Coding",AI/ML Engineer Specialist,AI/ML Engineer,Advanced,"Portfolio Website and REST API, FastAPI Analytics Dashboard",Step-by-step Guidance,Async & Weekly Sync,High (3-4 hrs/week),46,53,70,Off-Campus,8th semester Information Technology student targeting a career as a AI/ML Engineer. Eager to build real-world software and prepare for upcoming campus recruitment.
STU045,Ira Gupta,21,Female,Computer Science Engineering,4,7.41,"Python, Data Structures, Communication, RAG, Power BI, Django, Tableau, Data Analysis","Cloud Deployment, AI Agents, System Scalability, Web3",Data Analyst Specialist,Data Analyst,Intermediate,"Automated Testing and CI/CD Pipeline, Python Analytics Dashboard",Step-by-step Guidance,Bi-weekly Mentorship,Weekends Only,59,76,61,Off-Campus,4th semester Computer Science Engineering student targeting a career as a Data Analyst. Eager to build real-world software and prepare for upcoming campus recruitment.
STU046,Krishna Deshmukh,21,Male,Electronics & Communication,3,6.8,"Deep Learning, Computer Vision, LLMs, Docker","AI Agents, Mobile Apps, Cloud Deployment, System Scalability",Senior AI/ML Engineer,AI/ML Engineer,Intermediate,"Machine Learning Classifier on Kaggle, Real-time Chat Application with React",Hands-on Projects,Flexible Office Hours,High (Flexible),87,77,86,South Hostel,3th semester Electronics & Communication student targeting a career as a AI/ML Engineer. Eager to build real-world software and prepare for upcoming campus recruitment.
STU047,Krishna Deshmukh,20,Male,Electronics & Communication,4,9.3,"Prompt Engineering, Kubernetes, Linux, MLOps, Azure, Docker","AI Agents, Generative AI, Fintech, Competitive Coding",Cloud Engineer Specialist,Cloud Engineer,Beginner,"Real-time Chat Application with Node.js, Prompt Engineering Analytics Dashboard",Conceptual / Theory First,Flexible Office Hours,Evenings,62,94,88,North Campus,4th semester Electronics & Communication student targeting a career as a Cloud Engineer. Eager to build real-world software and prepare for upcoming campus recruitment.
STU048,Krishna Mishra,22,Male,Mechanical Engineering,3,6.8,"Generative AI, Figma, JavaScript, Design Systems, System Design, React","Cloud Deployment, Generative AI, Open Source, Competitive Coding",Senior UI/UX Designer,UI/UX Designer,Advanced,"Portfolio Website and REST API, Automated Testing and CI/CD Pipeline",Discussion & Case Studies,Chat & Code Reviews,Evenings,48,93,45,Off-Campus,3th semester Mechanical Engineering student targeting a career as a UI/UX Designer. Eager to build real-world software and prepare for upcoming campus recruitment.
STU049,Advik Pandey,22,Male,Electrical Engineering,3,7.64,"AWS, Python, React, NLP, Computer Vision, Machine Learning, MLOps","System Scalability, Open Source, Fintech",Senior AI/ML Engineer,AI/ML Engineer,Intermediate,"Automated Testing and CI/CD Pipeline, Distributed AI/ML Engineer Pipeline, Machine Learning Classifier on Kaggle",Discussion & Case Studies,Weekly Video Calls,High (Flexible),65,57,40,Off-Campus,3th semester Electrical Engineering student targeting a career as a AI/ML Engineer. Eager to build real-world software and prepare for upcoming campus recruitment.
STU050,Arjun Bose,22,Male,Mechanical Engineering,3,7.94,"Figma, Communication, Machine Learning, Leadership, SQL","Mobile Apps, Open Source",Product Manager Specialist,Product Manager,Advanced,"Figma Analytics Dashboard, Distributed Product Manager Pipeline",Discussion & Case Studies,Chat & Code Reviews,High (Flexible),74,94,63,North Campus,3th semester Mechanical Engineering student targeting a career as a Product Manager. Eager to build real-world software and prepare for upcoming campus recruitment.
STU051,Kiara Pillai,22,Female,Artificial Intelligence & Data Science,8,7.62,"Python, Algorithms, NLP, Azure, Docker","Cloud Deployment, Open Source",Cloud Engineer Specialist,Cloud Engineer,Intermediate,"Python Analytics Dashboard, Distributed Cloud Engineer Pipeline, Automated Testing and CI/CD Pipeline",Discussion & Case Studies,Flexible Office Hours,Evenings,57,61,78,Off-Campus,8th semester Artificial Intelligence & Data Science student targeting a career as a Cloud Engineer. Eager to build real-world software and prepare for upcoming campus recruitment.
STU052,Rohan Rao,23,Male,Information Technology,6,6.73,"Public Speaking, Leadership, Product Management, Data Analysis","Generative AI, Mobile Apps",Product Manager Specialist,Product Manager,Intermediate,"Machine Learning Classifier on Kaggle, Automated Testing and CI/CD Pipeline, Portfolio Website and REST API",Discussion & Case Studies,Async & Weekly Sync,Evenings,49,91,45,South Hostel,6th semester Information Technology student targeting a career as a Product Manager. Eager to build real-world software and prepare for upcoming campus recruitment.
STU053,Ananya Bansal,19,Female,Electronics & Communication,7,7.0,"Generative AI, Python, Machine Learning, Leadership, Deep Learning","AI Agents, Competitive Coding, Open Source",AI Engineer Specialist,AI Engineer,Intermediate,"Portfolio Website and REST API, Machine Learning Classifier on Kaggle",Pair Programming,Async & Weekly Sync,Weekends Only,68,68,64,North Campus,7th semester Electronics & Communication student targeting a career as a AI Engineer. Eager to build real-world software and prepare for upcoming campus recruitment.
STU054,Tanvi Deshmukh,23,Female,Electronics & Communication,5,7.33,"GitHub, Python, Data Structures, Power BI, Algorithms, NLP, SQL, Data Analysis","Robotics, Open Source, Cloud Deployment, AI Agents",Data Analyst Specialist,Data Analyst,Advanced,Portfolio Website and REST API,Hands-on Projects,Chat & Code Reviews,High (Flexible),69,91,90,Off-Campus,5th semester Electronics & Communication student targeting a career as a Data Analyst. Eager to build real-world software and prepare for upcoming campus recruitment.
STU055,Vivaan Joshi,20,Male,Artificial Intelligence & Data Science,4,9.64,"GCP, Git, Azure, Docker","AI Agents, Competitive Coding",Cloud Engineer Specialist,Cloud Engineer,Advanced,"Distributed Cloud Engineer Pipeline, Machine Learning Classifier on Kaggle, Automated Testing and CI/CD Pipeline",Conceptual / Theory First,Weekly Video Calls,High (Flexible),78,52,82,South Hostel,4th semester Artificial Intelligence & Data Science student targeting a career as a Cloud Engineer. Eager to build real-world software and prepare for upcoming campus recruitment.
STU056,Karan Choudhury,23,Male,Computer Science Engineering,6,7.7,"GitHub, Python, Algorithms, GCP, Research, Deep Learning","Mobile Apps, Web3",Senior Researcher,Researcher,Intermediate,"Distributed Researcher Pipeline, Portfolio Website and REST API",Conceptual / Theory First,Bi-weekly Mentorship,High (3-4 hrs/week),63,74,72,Tech Hub Wing,6th semester Computer Science Engineering student targeting a career as a Researcher. Eager to build real-world software and prepare for upcoming campus recruitment.
STU057,Aadhya Kapoor,19,Female,Computer Science Engineering,8,9.29,"Computer Vision, MLOps, SQL, Communication","System Scalability, Web3",Senior AI/ML Engineer,AI/ML Engineer,Intermediate,"Real-time Chat Application with Node.js, Distributed AI/ML Engineer Pipeline, Automated Testing and CI/CD Pipeline",Pair Programming,Weekly Video Calls,High (3-4 hrs/week),46,76,43,Off-Campus,8th semester Computer Science Engineering student targeting a career as a AI/ML Engineer. Eager to build real-world software and prepare for upcoming campus recruitment.
STU058,Muhammad Menon,21,Male,Mechanical Engineering,8,7.61,"Prompt Engineering, Power BI, Tableau, Leadership, Git, SQL","Cloud Deployment, Generative AI",Senior Data Scientist,Data Scientist,Intermediate,"Machine Learning Classifier on Kaggle, Automated Testing and CI/CD Pipeline, Prompt Engineering Analytics Dashboard",Conceptual / Theory First,Bi-weekly Mentorship,High (3-4 hrs/week),58,59,75,North Campus,8th semester Mechanical Engineering student targeting a career as a Data Scientist. Eager to build real-world software and prepare for upcoming campus recruitment.
STU059,Advaith Das,21,Male,Mechanical Engineering,7,8.01,"Python, NLP, GCP, Computer Vision, Git, SQL, Docker","Generative AI, Mobile Apps, System Scalability",AI/ML Engineer Specialist,AI/ML Engineer,Advanced,Machine Learning Classifier on Kaggle,Hands-on Projects,Flexible Office Hours,High (Flexible),71,61,82,North Campus,7th semester Mechanical Engineering student targeting a career as a AI/ML Engineer. Eager to build real-world software and prepare for upcoming campus recruitment.
STU060,Pari Pillai,20,Female,Electronics & Communication,3,8.6,"DevOps, Git, Azure, Django","Mobile Apps, Open Source, Generative AI, AI Agents",Senior Cloud Engineer,Cloud Engineer,Advanced,"Portfolio Website and REST API, Automated Testing and CI/CD Pipeline",Conceptual / Theory First,Async & Weekly Sync,Evenings,66,91,51,North Campus,3th semester Electronics & Communication student targeting a career as a Cloud Engineer. Eager to build real-world software and prepare for upcoming campus recruitment.
STU061,Kabir Kumar,20,Male,Computer Science Engineering,4,9.42,"MongoDB, Python, Linux, System Design, Algorithms, AWS, GCP, Git","Mobile Apps, Fintech",Cloud Engineer Specialist,Cloud Engineer,Beginner,"Automated Testing and CI/CD Pipeline, Real-time Chat Application with FastAPI",Step-by-step Guidance,Chat & Code Reviews,Weekends Only,68,77,65,Off-Campus,4th semester Computer Science Engineering student targeting a career as a Cloud Engineer. Eager to build real-world software and prepare for upcoming campus recruitment.
STU062,Reyansh Mishra,19,Male,Electronics & Communication,3,7.92,"GitHub, Power BI, Algorithms, Machine Learning, Leadership, SQL","Robotics, Open Source, Web3, AI Agents",Data Scientist Specialist,Data Scientist,Intermediate,"Portfolio Website and REST API, GitHub Analytics Dashboard",Step-by-step Guidance,Bi-weekly Mentorship,High (Flexible),47,72,79,South Hostel,3th semester Electronics & Communication student targeting a career as a Data Scientist. Eager to build real-world software and prepare for upcoming campus recruitment.
STU063,Vivaan Gupta,21,Male,Electrical Engineering,8,9.08,"Generative AI, RAG, JavaScript, LLMs, Docker","Open Source, Web3, Mobile Apps, Competitive Coding",Senior AI Engineer,AI Engineer,Intermediate,"Automated Testing and CI/CD Pipeline, Real-time Chat Application with FastAPI",Conceptual / Theory First,Async & Weekly Sync,High (3-4 hrs/week),49,86,48,South Hostel,8th semester Electrical Engineering student targeting a career as a AI Engineer. Eager to build real-world software and prepare for upcoming campus recruitment.
STU064,Aanya Malhotra,21,Female,Electronics & Communication,7,6.89,"Deep Learning, System Design, Algorithms, Docker","Web3, Open Source",Software Engineer Specialist,Software Engineer,Advanced,"Real-time Chat Application with Node.js, Deep Learning Analytics Dashboard, Portfolio Website and REST API",Conceptual / Theory First,Weekly Video Calls,Weekends Only,73,55,83,South Hostel,7th semester Electronics & Communication student targeting a career as a Software Engineer. Eager to build real-world software and prepare for upcoming campus recruitment.
STU065,Sai Kumar,23,Male,Information Technology,4,9.11,"FastAPI, Generative AI, Deep Learning, MLOps, Docker, Node.js","Robotics, Web3, Competitive Coding",Senior AI Engineer,AI Engineer,Intermediate,"FastAPI Analytics Dashboard, Automated Testing and CI/CD Pipeline, Machine Learning Classifier on Kaggle",Pair Programming,Weekly Video Calls,High (Flexible),81,54,48,South Hostel,4th semester Information Technology student targeting a career as a AI Engineer. Eager to build real-world software and prepare for upcoming campus recruitment.
STU066,Deepak Gupta,19,Male,Electronics & Communication,7,9.51,"FastAPI, Generative AI, RAG, Algorithms, Tableau, MLOps, Azure, Deep Learning","Cloud Deployment, Fintech, System Scalability",AI Engineer Specialist,AI Engineer,Advanced,"Machine Learning Classifier on Kaggle, Portfolio Website and REST API",Discussion & Case Studies,Weekly Video Calls,High (Flexible),80,67,48,South Hostel,7th semester Electronics & Communication student targeting a career as a AI Engineer. Eager to build real-world software and prepare for upcoming campus recruitment.
STU067,Ishaan Deshmukh,21,Male,Electrical Engineering,8,9.48,"Generative AI, Python, AWS, DevOps, Git, Azure, Docker","Competitive Coding, Generative AI, Web3",Cloud Engineer Specialist,Cloud Engineer,Advanced,"Distributed Cloud Engineer Pipeline, Automated Testing and CI/CD Pipeline",Step-by-step Guidance,Async & Weekly Sync,High (3-4 hrs/week),79,68,81,South Hostel,8th semester Electrical Engineering student targeting a career as a Cloud Engineer. Eager to build real-world software and prepare for upcoming campus recruitment.
STU068,Anvi Das,22,Female,Electronics & Communication,6,7.17,"Kubernetes, CI/CD, System Design, AWS, DevOps, MLOps, Git, Django","Web3, Cloud Deployment",Senior DevOps Engineer,DevOps Engineer,Intermediate,Real-time Chat Application with React,Discussion & Case Studies,Chat & Code Reviews,Moderate (2 hrs/week),73,65,49,South Hostel,6th semester Electronics & Communication student targeting a career as a DevOps Engineer. Eager to build real-world software and prepare for upcoming campus recruitment.
STU069,Ananya Kothari,23,Female,Electrical Engineering,8,7.53,"Python, Figma, Algorithms, Git, SQL, Data Analysis","Web3, System Scalability, AI Agents, Fintech",Data Scientist Specialist,Data Scientist,Intermediate,"Portfolio Website and REST API, Automated Testing and CI/CD Pipeline, Real-time Chat Application with Node.js",Hands-on Projects,Async & Weekly Sync,Evenings,48,53,58,South Hostel,8th semester Electrical Engineering student targeting a career as a Data Scientist. Eager to build real-world software and prepare for upcoming campus recruitment.
STU070,Aaryan Mishra,23,Male,Artificial Intelligence & Data Science,6,7.71,"Cybersecurity, Python, System Design, Power BI, Networking, Leadership, SQL","Fintech, Cloud Deployment, Open Source, Generative AI",Senior Cybersecurity Analyst,Cybersecurity Analyst,Intermediate,Distributed Cybersecurity Analyst Pipeline,Discussion & Case Studies,Chat & Code Reviews,High (Flexible),68,71,75,North Campus,6th semester Artificial Intelligence & Data Science student targeting a career as a Cybersecurity Analyst. Eager to build real-world software and prepare for upcoming campus recruitment.
STU071,Aditya Verma,22,Male,Information Technology,8,7.6,"Figma, Public Speaking, Computer Vision, Leadership, Data Analysis","Fintech, Mobile Apps, Web3, AI Agents",Product Manager Specialist,Product Manager,Advanced,"Portfolio Website and REST API, Figma Analytics Dashboard",Discussion & Case Studies,Bi-weekly Mentorship,High (3-4 hrs/week),64,80,41,Tech Hub Wing,8th semester Information Technology student targeting a career as a Product Manager. Eager to build real-world software and prepare for upcoming campus recruitment.
STU072,Aaryan Saxena,20,Male,Electrical Engineering,7,7.25,"LLMs, Generative AI, GCP, AWS","Competitive Coding, Cloud Deployment",AI Engineer Specialist,AI Engineer,Beginner,Automated Testing and CI/CD Pipeline,Step-by-step Guidance,Flexible Office Hours,High (Flexible),46,78,60,Tech Hub Wing,7th semester Electrical Engineering student targeting a career as a AI Engineer. Eager to build real-world software and prepare for upcoming campus recruitment.
STU073,Priya Mishra,22,Female,Computer Science Engineering,8,6.96,"FastAPI, Data Structures, DevOps, React, Git, Docker, Node.js","Mobile Apps, Fintech, Web3, Cloud Deployment",Full Stack Developer Specialist,Full Stack Developer,Beginner,"Real-time Chat Application with React, Distributed Full Stack Developer Pipeline",Pair Programming,Chat & Code Reviews,Weekends Only,62,85,59,Off-Campus,8th semester Computer Science Engineering student targeting a career as a Full Stack Developer. Eager to build real-world software and prepare for upcoming campus recruitment.
STU074,Kabir Patel,23,Male,Electrical Engineering,8,8.29,"FastAPI, Communication, Algorithms, Networking, Leadership, Cybersecurity","Fintech, Web3, System Scalability, Cloud Deployment",Cybersecurity Analyst Specialist,Cybersecurity Analyst,Advanced,FastAPI Analytics Dashboard,Discussion & Case Studies,Weekly Video Calls,Moderate (2 hrs/week),62,85,84,North Campus,8th semester Electrical Engineering student targeting a career as a Cybersecurity Analyst. Eager to build real-world software and prepare for upcoming campus recruitment.
STU075,Sneha Shah,20,Female,Electrical Engineering,4,8.61,"Python, Computer Vision, Machine Learning, MLOps, Research, Product Management, Deep Learning","System Scalability, Fintech, Mobile Apps",Senior AI Engineer,AI Engineer,Intermediate,"Machine Learning Classifier on Kaggle, Distributed AI Engineer Pipeline, Python Analytics Dashboard",Step-by-step Guidance,Weekly Video Calls,High (3-4 hrs/week),86,53,89,Tech Hub Wing,4th semester Electrical Engineering student targeting a career as a AI Engineer. Eager to build real-world software and prepare for upcoming campus recruitment.
STU076,Aanya Singh,21,Female,Mechanical Engineering,5,9.39,"FastAPI, Deep Learning, Tableau, LLMs, Data Analysis, Machine Learning, MLOps, Docker","Web3, Fintech, System Scalability, Robotics",Senior AI Engineer,AI Engineer,Beginner,"Real-time Chat Application with Node.js, Distributed AI Engineer Pipeline, FastAPI Analytics Dashboard",Pair Programming,Flexible Office Hours,Moderate (2 hrs/week),66,60,86,South Hostel,5th semester Mechanical Engineering student targeting a career as a AI Engineer. Eager to build real-world software and prepare for upcoming campus recruitment.
STU077,Kavya Pillai,21,Female,Mechanical Engineering,6,9.23,"Figma, Design Systems, Communication, UI/UX, System Design, GCP","Fintech, Robotics",Senior UI/UX Designer,UI/UX Designer,Beginner,"Portfolio Website and REST API, Machine Learning Classifier on Kaggle, Figma Analytics Dashboard",Pair Programming,Weekly Video Calls,High (3-4 hrs/week),73,67,61,North Campus,6th semester Mechanical Engineering student targeting a career as a UI/UX Designer. Eager to build real-world software and prepare for upcoming campus recruitment.
STU078,Myra Reddy,20,Female,Information Technology,6,8.76,"Python, Algorithms, Public Speaking, Machine Learning, Research, Azure","Web3, Open Source",Researcher Specialist,Researcher,Intermediate,"Machine Learning Classifier on Kaggle, Automated Testing and CI/CD Pipeline, Distributed Researcher Pipeline",Discussion & Case Studies,Async & Weekly Sync,High (Flexible),92,88,63,Tech Hub Wing,6th semester Information Technology student targeting a career as a Researcher. Eager to build real-world software and prepare for upcoming campus recruitment.
STU079,Meera Kulkarni,20,Female,Artificial Intelligence & Data Science,3,9.53,"FastAPI, System Design, NLP, Computer Vision, Machine Learning, SQL","Web3, Cloud Deployment, System Scalability, Mobile Apps",Senior AI/ML Engineer,AI/ML Engineer,Advanced,Automated Testing and CI/CD Pipeline,Discussion & Case Studies,Chat & Code Reviews,Evenings,76,55,72,North Campus,3th semester Artificial Intelligence & Data Science student targeting a career as a AI/ML Engineer. Eager to build real-world software and prepare for upcoming campus recruitment.
STU080,Tanvi Choudhury,22,Female,Mechanical Engineering,5,8.89,"Python, JavaScript, System Design, SQL","Mobile Apps, Cloud Deployment, Generative AI",Senior Cybersecurity Analyst,Cybersecurity Analyst,Beginner,Distributed Cybersecurity Analyst Pipeline,Pair Programming,Chat & Code Reviews,Evenings,75,52,58,Tech Hub Wing,5th semester Mechanical Engineering student targeting a career as a Cybersecurity Analyst. Eager to build real-world software and prepare for upcoming campus recruitment.
STU081,Pari Mehta,22,Female,Mechanical Engineering,8,9.39,"Deep Learning, Python, Azure, Machine Learning, SQL, Data Analysis","Fintech, Web3",Data Scientist Specialist,Data Scientist,Advanced,"Distributed Data Scientist Pipeline, Portfolio Website and REST API",Pair Programming,Weekly Video Calls,Weekends Only,91,84,67,South Hostel,8th semester Mechanical Engineering student targeting a career as a Data Scientist. Eager to build real-world software and prepare for upcoming campus recruitment.
STU082,Karan Pandey,20,Male,Computer Science Engineering,3,9.17,"Python, RAG, Cybersecurity, Communication","Web3, Generative AI",Cybersecurity Analyst Specialist,Cybersecurity Analyst,Beginner,Machine Learning Classifier on Kaggle,Hands-on Projects,Weekly Video Calls,High (Flexible),92,52,65,Off-Campus,3th semester Computer Science Engineering student targeting a career as a Cybersecurity Analyst. Eager to build real-world software and prepare for upcoming campus recruitment.
STU083,Pranav Menon,22,Male,Mechanical Engineering,7,7.55,"GitHub, Kubernetes, Linux, Azure, DevOps, Git, Product Management","Generative AI, AI Agents, Open Source",DevOps Engineer Specialist,DevOps Engineer,Advanced,Real-time Chat Application with Node.js,Discussion & Case Studies,Bi-weekly Mentorship,Evenings,88,77,75,Tech Hub Wing,7th semester Mechanical Engineering student targeting a career as a DevOps Engineer. Eager to build real-world software and prepare for upcoming campus recruitment.
STU084,Krishna Reddy,20,Male,Electronics & Communication,4,8.99,"Figma, Leadership, SQL, Public Speaking","AI Agents, Robotics",Senior Product Manager,Product Manager,Intermediate,Real-time Chat Application with Node.js,Pair Programming,Async & Weekly Sync,Evenings,80,83,48,Off-Campus,4th semester Electronics & Communication student targeting a career as a Product Manager. Eager to build real-world software and prepare for upcoming campus recruitment.
STU085,Reyansh Kapoor,20,Male,Mechanical Engineering,4,6.67,"Python, Communication, Linux, System Design, Data Structures, Cybersecurity","Generative AI, System Scalability, AI Agents",Cybersecurity Analyst Specialist,Cybersecurity Analyst,Advanced,"Portfolio Website and REST API, Distributed Cybersecurity Analyst Pipeline, Automated Testing and CI/CD Pipeline",Discussion & Case Studies,Bi-weekly Mentorship,Weekends Only,52,80,55,Tech Hub Wing,4th semester Mechanical Engineering student targeting a career as a Cybersecurity Analyst. Eager to build real-world software and prepare for upcoming campus recruitment.
STU086,Myra Kapoor,20,Female,Mechanical Engineering,5,7.52,"Cybersecurity, Linux, System Design, AWS, Git, Azure","Robotics, Generative AI, System Scalability",Cloud Engineer Specialist,Cloud Engineer,Advanced,"Machine Learning Classifier on Kaggle, Automated Testing and CI/CD Pipeline, Real-time Chat Application with FastAPI",Conceptual / Theory First,Bi-weekly Mentorship,Moderate (2 hrs/week),54,51,56,Tech Hub Wing,5th semester Mechanical Engineering student targeting a career as a Cloud Engineer. Eager to build real-world software and prepare for upcoming campus recruitment.
STU087,Siya Menon,19,Female,Information Technology,6,8.32,"Python, Communication, Data Structures, Algorithms, Tableau","Open Source, AI Agents",Senior Data Analyst,Data Analyst,Intermediate,"Python Analytics Dashboard, Portfolio Website and REST API, Machine Learning Classifier on Kaggle",Step-by-step Guidance,Weekly Video Calls,Moderate (2 hrs/week),56,84,81,North Campus,6th semester Information Technology student targeting a career as a Data Analyst. Eager to build real-world software and prepare for upcoming campus recruitment.
STU088,Rahul Gupta,19,Male,Computer Science Engineering,4,8.17,"Python, Linux, System Design, AWS, MLOps, Git, Product Management","AI Agents, Fintech",Senior Cloud Engineer,Cloud Engineer,Advanced,"Automated Testing and CI/CD Pipeline, Distributed Cloud Engineer Pipeline, Python Analytics Dashboard",Discussion & Case Studies,Weekly Video Calls,Moderate (2 hrs/week),63,51,72,South Hostel,4th semester Computer Science Engineering student targeting a career as a Cloud Engineer. Eager to build real-world software and prepare for upcoming campus recruitment.
STU089,Kavya Malhotra,20,Female,Artificial Intelligence & Data Science,5,7.38,"FastAPI, Python, Linux, System Design, JavaScript, SQL","Robotics, Competitive Coding",Senior Cybersecurity Analyst,Cybersecurity Analyst,Intermediate,Portfolio Website and REST API,Hands-on Projects,Chat & Code Reviews,Evenings,80,80,43,Off-Campus,5th semester Artificial Intelligence & Data Science student targeting a career as a Cybersecurity Analyst. Eager to build real-world software and prepare for upcoming campus recruitment.
STU090,Siya Pillai,20,Female,Computer Science Engineering,7,9.53,"FastAPI, GitHub, Kubernetes, JavaScript, Generative AI, DevOps, SQL, Docker","Generative AI, Open Source, Mobile Apps, Competitive Coding",Senior Full Stack Developer,Full Stack Developer,Beginner,"FastAPI Analytics Dashboard, Real-time Chat Application with FastAPI",Discussion & Case Studies,Weekly Video Calls,High (Flexible),82,59,88,Tech Hub Wing,7th semester Computer Science Engineering student targeting a career as a Full Stack Developer. Eager to build real-world software and prepare for upcoming campus recruitment.
STU091,Neha Shah,21,Female,Electrical Engineering,5,7.77,"Communication, Algorithms, NLP, Public Speaking, Machine Learning, Research","Cloud Deployment, Mobile Apps",Senior Researcher,Researcher,Advanced,Portfolio Website and REST API,Step-by-step Guidance,Chat & Code Reviews,Moderate (2 hrs/week),84,88,65,Off-Campus,5th semester Electrical Engineering student targeting a career as a Researcher. Eager to build real-world software and prepare for upcoming campus recruitment.
STU092,Tanvi Bose,20,Female,Electronics & Communication,4,8.74,"Python, Communication, UI/UX, Power BI, SQL, Data Analysis","Open Source, Robotics, Mobile Apps, Competitive Coding",Senior Data Analyst,Data Analyst,Beginner,"Real-time Chat Application with Node.js, Python Analytics Dashboard",Hands-on Projects,Weekly Video Calls,Evenings,50,50,59,Tech Hub Wing,4th semester Electronics & Communication student targeting a career as a Data Analyst. Eager to build real-world software and prepare for upcoming campus recruitment.
STU093,Tanvi Kapoor,21,Female,Electrical Engineering,6,6.84,"FastAPI, Python, UI/UX, Product Management, Docker","AI Agents, System Scalability",Senior AI/ML Engineer,AI/ML Engineer,Advanced,Distributed AI/ML Engineer Pipeline,Pair Programming,Bi-weekly Mentorship,Evenings,78,60,83,South Hostel,6th semester Electrical Engineering student targeting a career as a AI/ML Engineer. Eager to build real-world software and prepare for upcoming campus recruitment.
STU094,Arjun Singh,22,Male,Electronics & Communication,5,7.89,"Prompt Engineering, Communication, MongoDB, UI/UX, Public Speaking, Leadership, SQL","Open Source, Fintech",Product Manager Specialist,Product Manager,Beginner,"Automated Testing and CI/CD Pipeline, Real-time Chat Application with Node.js",Discussion & Case Studies,Weekly Video Calls,Weekends Only,70,71,79,Off-Campus,5th semester Electronics & Communication student targeting a career as a Product Manager. Eager to build real-world software and prepare for upcoming campus recruitment.
STU095,Ira Kulkarni,22,Female,Information Technology,6,7.54,"Python, Communication, Linux, Kubernetes, UI/UX, SQL","Mobile Apps, Cloud Deployment, System Scalability",Cybersecurity Analyst Specialist,Cybersecurity Analyst,Advanced,Portfolio Website and REST API,Conceptual / Theory First,Chat & Code Reviews,Weekends Only,79,61,83,North Campus,6th semester Information Technology student targeting a career as a Cybersecurity Analyst. Eager to build real-world software and prepare for upcoming campus recruitment.
STU096,Isha Deshmukh,21,Female,Electronics & Communication,4,8.59,"FastAPI, GitHub, RAG, React, Research","Robotics, AI Agents, Competitive Coding, Fintech",Senior Full Stack Developer,Full Stack Developer,Beginner,"FastAPI Analytics Dashboard, Portfolio Website and REST API, Distributed Full Stack Developer Pipeline",Conceptual / Theory First,Flexible Office Hours,High (3-4 hrs/week),68,94,74,Tech Hub Wing,4th semester Electronics & Communication student targeting a career as a Full Stack Developer. Eager to build real-world software and prepare for upcoming campus recruitment.
STU097,Ankit Rao,20,Male,Electronics & Communication,3,6.53,"Git, Python, Communication, Power BI, LLMs, Java, Docker","Mobile Apps, Generative AI",Senior Software Engineer,Software Engineer,Intermediate,Portfolio Website and REST API,Pair Programming,Bi-weekly Mentorship,Weekends Only,51,68,66,Tech Hub Wing,3th semester Electronics & Communication student targeting a career as a Software Engineer. Eager to build real-world software and prepare for upcoming campus recruitment.
STU098,Advik Malhotra,22,Male,Electronics & Communication,5,8.07,"Figma, SQL, Data Structures, Machine Learning, Java, Product Management, Data Analysis","Cloud Deployment, Open Source, System Scalability, Fintech",Product Manager Specialist,Product Manager,Beginner,"Automated Testing and CI/CD Pipeline, Distributed Product Manager Pipeline",Conceptual / Theory First,Weekly Video Calls,Evenings,80,60,61,Tech Hub Wing,5th semester Electronics & Communication student targeting a career as a Product Manager. Eager to build real-world software and prepare for upcoming campus recruitment.
STU099,Vivaan Mishra,23,Male,Electrical Engineering,4,7.98,"Python, Communication, System Design, Networking, DevOps, Cybersecurity","Mobile Apps, Competitive Coding",Senior Cybersecurity Analyst,Cybersecurity Analyst,Beginner,"Machine Learning Classifier on Kaggle, Real-time Chat Application with FastAPI",Step-by-step Guidance,Flexible Office Hours,Evenings,74,57,56,North Campus,4th semester Electrical Engineering student targeting a career as a Cybersecurity Analyst. Eager to build real-world software and prepare for upcoming campus recruitment.
STU100,Saanvi Joshi,22,Female,Electronics & Communication,7,7.07,"Python, Data Structures, GCP, Machine Learning, SQL, Data Analysis","Cloud Deployment, Open Source, Mobile Apps",Data Analyst Specialist,Data Analyst,Advanced,"Distributed Data Analyst Pipeline, Machine Learning Classifier on Kaggle, Automated Testing and CI/CD Pipeline",Conceptual / Theory First,Chat & Code Reviews,High (Flexible),54,82,64,South Hostel,7th semester Electronics & Communication student targeting a career as a Data Analyst. Eager to build real-world software and prepare for upcoming campus recruitment.
STU101,Tanvi Singh,23,Female,Electronics & Communication,5,6.96,"UI/UX, AWS, DevOps, Git, Azure, Docker","AI Agents, Web3, Robotics, Mobile Apps",Cloud Engineer Specialist,Cloud Engineer,Intermediate,UI/UX Analytics Dashboard,Hands-on Projects,Weekly Video Calls,Weekends Only,71,95,68,North Campus,5th semester Electronics & Communication student targeting a career as a Cloud Engineer. Eager to build real-world software and prepare for upcoming campus recruitment.
STU102,Dhruv Iyer,21,Male,Electrical Engineering,5,7.06,"Cybersecurity, JavaScript, UI/UX, DevOps, Leadership, Product Management, Data Analysis","Web3, AI Agents, System Scalability, Competitive Coding",Product Manager Specialist,Product Manager,Beginner,"Cybersecurity Analytics Dashboard, Automated Testing and CI/CD Pipeline",Pair Programming,Async & Weekly Sync,Evenings,92,91,88,North Campus,5th semester Electrical Engineering student targeting a career as a Product Manager. Eager to build real-world software and prepare for upcoming campus recruitment.
STU103,Deepak Trivedi,23,Male,Information Technology,4,9.18,"GitHub, Kubernetes, Linux, AWS, React, Git","Mobile Apps, AI Agents, Fintech, Web3",DevOps Engineer Specialist,DevOps Engineer,Advanced,"Machine Learning Classifier on Kaggle, Real-time Chat Application with Node.js",Hands-on Projects,Weekly Video Calls,Evenings,55,70,85,North Campus,4th semester Information Technology student targeting a career as a DevOps Engineer. Eager to build real-world software and prepare for upcoming campus recruitment.
STU104,Dhruv Pillai,22,Male,Mechanical Engineering,4,8.81,"Generative AI, Algorithms, Power BI, Tableau, NLP, Git, Data Analysis","Fintech, Robotics, AI Agents, System Scalability",Senior Data Scientist,Data Scientist,Beginner,"Real-time Chat Application with FastAPI, Portfolio Website and REST API, Automated Testing and CI/CD Pipeline",Pair Programming,Flexible Office Hours,High (3-4 hrs/week),85,55,65,North Campus,4th semester Mechanical Engineering student targeting a career as a Data Scientist. Eager to build real-world software and prepare for upcoming campus recruitment.
STU105,Karan Choudhury,22,Male,Mechanical Engineering,8,8.8,"FastAPI, Kubernetes, System Design, NLP, Machine Learning, MLOps","Mobile Apps, AI Agents, Open Source",AI/ML Engineer Specialist,AI/ML Engineer,Advanced,FastAPI Analytics Dashboard,Hands-on Projects,Async & Weekly Sync,Moderate (2 hrs/week),76,71,83,Tech Hub Wing,8th semester Mechanical Engineering student targeting a career as a AI/ML Engineer. Eager to build real-world software and prepare for upcoming campus recruitment.
STU106,Myra Sharma,19,Female,Electronics & Communication,4,9.79,"FastAPI, Docker, Python, Power BI, SQL, Deep Learning","Open Source, Generative AI, Robotics",Data Scientist Specialist,Data Scientist,Advanced,"Portfolio Website and REST API, FastAPI Analytics Dashboard",Hands-on Projects,Weekly Video Calls,Evenings,64,94,88,North Campus,4th semester Electronics & Communication student targeting a career as a Data Scientist. Eager to build real-world software and prepare for upcoming campus recruitment.
STU107,Ayaan Agarwal,20,Male,Information Technology,7,8.74,"AWS, Machine Learning, MLOps, Azure, Deep Learning","Cloud Deployment, Competitive Coding, AI Agents",Senior AI Engineer,AI Engineer,Intermediate,Portfolio Website and REST API,Hands-on Projects,Flexible Office Hours,High (Flexible),68,69,48,North Campus,7th semester Information Technology student targeting a career as a AI Engineer. Eager to build real-world software and prepare for upcoming campus recruitment.
STU108,Kavya Saxena,19,Female,Information Technology,6,7.66,"FastAPI, Python, Django, Docker","Cloud Deployment, Robotics",Full Stack Developer Specialist,Full Stack Developer,Intermediate,Real-time Chat Application with React,Conceptual / Theory First,Flexible Office Hours,High (Flexible),72,70,90,Off-Campus,6th semester Information Technology student targeting a career as a Full Stack Developer. Eager to build real-world software and prepare for upcoming campus recruitment.
STU109,Deepak Kulkarni,22,Male,Computer Science Engineering,8,9.39,"FastAPI, MongoDB, Python, JavaScript, SQL, Data Analysis","Cloud Deployment, System Scalability, Web3",Full Stack Developer Specialist,Full Stack Developer,Advanced,"Real-time Chat Application with React, Distributed Full Stack Developer Pipeline",Discussion & Case Studies,Chat & Code Reviews,Weekends Only,83,54,73,South Hostel,8th semester Computer Science Engineering student targeting a career as a Full Stack Developer. Eager to build real-world software and prepare for upcoming campus recruitment.
STU110,Ankit Bhattacharya,23,Male,Computer Science Engineering,3,8.44,"Generative AI, Python, Power BI, AWS, Product Management","Robotics, Cloud Deployment, Open Source",Senior AI Engineer,AI Engineer,Intermediate,Distributed AI Engineer Pipeline,Pair Programming,Chat & Code Reviews,High (Flexible),50,69,45,North Campus,3th semester Computer Science Engineering student targeting a career as a AI Engineer. Eager to build real-world software and prepare for upcoming campus recruitment.
STU111,Ritvik Kulkarni,21,Male,Electronics & Communication,8,9.65,"FastAPI, GitHub, RAG, React, Docker","Open Source, Cloud Deployment, Generative AI, Mobile Apps",Senior Full Stack Developer,Full Stack Developer,Beginner,"Machine Learning Classifier on Kaggle, Portfolio Website and REST API",Conceptual / Theory First,Bi-weekly Mentorship,Moderate (2 hrs/week),89,50,50,Off-Campus,8th semester Electronics & Communication student targeting a career as a Full Stack Developer. Eager to build real-world software and prepare for upcoming campus recruitment.
STU112,Karan Shah,19,Male,Computer Science Engineering,3,7.61,"System Design, Public Speaking, Networking, SQL, Data Analysis, Node.js","Mobile Apps, Generative AI, Web3, Robotics",Senior Cybersecurity Analyst,Cybersecurity Analyst,Advanced,Machine Learning Classifier on Kaggle,Conceptual / Theory First,Flexible Office Hours,High (3-4 hrs/week),55,73,50,North Campus,3th semester Computer Science Engineering student targeting a career as a Cybersecurity Analyst. Eager to build real-world software and prepare for upcoming campus recruitment.
STU113,Aarav Iyer,23,Male,Computer Science Engineering,6,7.7,"GCP, Algorithms, Tableau, Machine Learning, Product Management","Mobile Apps, Fintech, Cloud Deployment, AI Agents",Senior Data Scientist,Data Scientist,Intermediate,Distributed Data Scientist Pipeline,Hands-on Projects,Chat & Code Reviews,High (3-4 hrs/week),52,82,83,Tech Hub Wing,6th semester Computer Science Engineering student targeting a career as a Data Scientist. Eager to build real-world software and prepare for upcoming campus recruitment.
STU114,Kabir Pandey,23,Male,Artificial Intelligence & Data Science,5,6.79,"Prompt Engineering, Public Speaking, GCP, Leadership, Data Analysis","Competitive Coding, Web3, System Scalability",Senior Product Manager,Product Manager,Advanced,"Prompt Engineering Analytics Dashboard, Distributed Product Manager Pipeline",Pair Programming,Async & Weekly Sync,Weekends Only,79,65,49,North Campus,5th semester Artificial Intelligence & Data Science student targeting a career as a Product Manager. Eager to build real-world software and prepare for upcoming campus recruitment.
STU115,Ankit Deshmukh,23,Male,Electronics & Communication,8,8.9,"FastAPI, Python, MLOps, Kubernetes","Generative AI, System Scalability",Senior AI/ML Engineer,AI/ML Engineer,Advanced,"FastAPI Analytics Dashboard, Machine Learning Classifier on Kaggle, Portfolio Website and REST API",Conceptual / Theory First,Chat & Code Reviews,High (3-4 hrs/week),71,94,63,North Campus,8th semester Electronics & Communication student targeting a career as a AI/ML Engineer. Eager to build real-world software and prepare for upcoming campus recruitment.
STU116,Riya Deshmukh,23,Female,Information Technology,4,7.46,"System Design, GCP, DevOps, Git, Node.js","Open Source, Cloud Deployment",Cloud Engineer Specialist,Cloud Engineer,Beginner,"Automated Testing and CI/CD Pipeline, System Design Analytics Dashboard",Pair Programming,Weekly Video Calls,Evenings,51,60,68,Off-Campus,4th semester Information Technology student targeting a career as a Cloud Engineer. Eager to build real-world software and prepare for upcoming campus recruitment.
STU117,Myra Nair,22,Female,Computer Science Engineering,3,7.02,"FastAPI, Python, Communication, Tableau, SQL, Data Analysis","System Scalability, Mobile Apps, Robotics, Fintech",Senior Data Analyst,Data Analyst,Beginner,Automated Testing and CI/CD Pipeline,Discussion & Case Studies,Flexible Office Hours,Moderate (2 hrs/week),88,69,56,North Campus,3th semester Computer Science Engineering student targeting a career as a Data Analyst. Eager to build real-world software and prepare for upcoming campus recruitment.
STU118,Myra Patel,23,Female,Information Technology,3,6.54,"FastAPI, MongoDB, React, Java, SQL","System Scalability, Web3",Senior Full Stack Developer,Full Stack Developer,Beginner,"FastAPI Analytics Dashboard, Distributed Full Stack Developer Pipeline",Step-by-step Guidance,Chat & Code Reviews,Evenings,50,71,47,North Campus,3th semester Information Technology student targeting a career as a Full Stack Developer. Eager to build real-world software and prepare for upcoming campus recruitment.
STU119,Pari Deshmukh,23,Female,Electronics & Communication,4,7.67,"GCP, Python, Tableau, Data Analysis, Git, SQL, Deep Learning","AI Agents, Web3, Generative AI",Senior Data Scientist,Data Scientist,Beginner,Portfolio Website and REST API,Conceptual / Theory First,Flexible Office Hours,High (3-4 hrs/week),62,74,48,Tech Hub Wing,4th semester Electronics & Communication student targeting a career as a Data Scientist. Eager to build real-world software and prepare for upcoming campus recruitment.
STU120,Rahul Joshi,19,Male,Electronics & Communication,7,9.08,"Kubernetes, Linux, RAG, AWS, DevOps, Azure","Fintech, Generative AI",Cloud Engineer Specialist,Cloud Engineer,Intermediate,Distributed Cloud Engineer Pipeline,Conceptual / Theory First,Weekly Video Calls,Weekends Only,78,72,89,North Campus,7th semester Electronics & Communication student targeting a career as a Cloud Engineer. Eager to build real-world software and prepare for upcoming campus recruitment.
STU121,Ankit Iyer,19,Male,Electrical Engineering,6,7.67,"Generative AI, Python, MongoDB, Algorithms, Power BI, NLP, SQL, Deep Learning","AI Agents, Fintech, Open Source",Senior Data Scientist,Data Scientist,Intermediate,"Distributed Data Scientist Pipeline, Generative AI Analytics Dashboard, Automated Testing and CI/CD Pipeline",Pair Programming,Flexible Office Hours,Moderate (2 hrs/week),47,55,43,South Hostel,6th semester Electrical Engineering student targeting a career as a Data Scientist. Eager to build real-world software and prepare for upcoming campus recruitment.
STU122,Diya Kulkarni,23,Female,Information Technology,5,6.7,"Python, Figma, Power BI, LLMs, Machine Learning","Mobile Apps, Fintech",Data Scientist Specialist,Data Scientist,Intermediate,"Automated Testing and CI/CD Pipeline, Real-time Chat Application with Node.js, Distributed Data Scientist Pipeline",Discussion & Case Studies,Bi-weekly Mentorship,Moderate (2 hrs/week),53,60,86,South Hostel,5th semester Information Technology student targeting a career as a Data Scientist. Eager to build real-world software and prepare for upcoming campus recruitment.
STU123,Pari Reddy,21,Female,Mechanical Engineering,8,7.47,"Generative AI, Python, Azure, Django, Tableau, Machine Learning, SQL, Deep Learning","Open Source, Mobile Apps, Cloud Deployment",Data Scientist Specialist,Data Scientist,Beginner,Portfolio Website and REST API,Step-by-step Guidance,Async & Weekly Sync,Weekends Only,67,70,50,South Hostel,8th semester Mechanical Engineering student targeting a career as a Data Scientist. Eager to build real-world software and prepare for upcoming campus recruitment.
STU124,Advaith Kulkarni,22,Male,Computer Science Engineering,5,7.35,"FastAPI, Computer Vision, MLOps, Product Management, Docker","Robotics, Mobile Apps, Competitive Coding",AI/ML Engineer Specialist,AI/ML Engineer,Beginner,Distributed AI/ML Engineer Pipeline,Hands-on Projects,Async & Weekly Sync,Weekends Only,75,86,81,North Campus,5th semester Computer Science Engineering student targeting a career as a AI/ML Engineer. Eager to build real-world software and prepare for upcoming campus recruitment.
STU125,Ananya Nair,23,Female,Computer Science Engineering,3,7.63,"Prompt Engineering, System Design, Networking, Research, Java, Cybersecurity","Open Source, Robotics, Competitive Coding",Senior Cybersecurity Analyst,Cybersecurity Analyst,Beginner,"Portfolio Website and REST API, Machine Learning Classifier on Kaggle",Pair Programming,Bi-weekly Mentorship,Weekends Only,51,71,53,South Hostel,3th semester Computer Science Engineering student targeting a career as a Cybersecurity Analyst. Eager to build real-world software and prepare for upcoming campus recruitment.
STU126,Muhammad Verma,22,Male,Electronics & Communication,7,8.31,"MongoDB, Communication, RAG, Public Speaking, Research, Product Management, Data Analysis","Generative AI, System Scalability",Senior Product Manager,Product Manager,Beginner,Real-time Chat Application with Node.js,Step-by-step Guidance,Chat & Code Reviews,Weekends Only,85,68,45,North Campus,7th semester Electronics & Communication student targeting a career as a Product Manager. Eager to build real-world software and prepare for upcoming campus recruitment.
STU127,Vikram Kapoor,19,Male,Electronics & Communication,4,7.72,"Kubernetes, Linux, System Design, Azure, Networking, Cybersecurity","Generative AI, Open Source, Cloud Deployment, Competitive Coding",Senior Cybersecurity Analyst,Cybersecurity Analyst,Advanced,Machine Learning Classifier on Kaggle,Step-by-step Guidance,Flexible Office Hours,Evenings,67,84,66,Tech Hub Wing,4th semester Electronics & Communication student targeting a career as a Cybersecurity Analyst. Eager to build real-world software and prepare for upcoming campus recruitment.
STU128,Siya Shah,20,Female,Information Technology,6,7.49,"Python, Communication, System Design, SQL, Computer Vision, Cybersecurity","System Scalability, Open Source",Cybersecurity Analyst Specialist,Cybersecurity Analyst,Beginner,Portfolio Website and REST API,Discussion & Case Studies,Bi-weekly Mentorship,Weekends Only,72,55,83,North Campus,6th semester Information Technology student targeting a career as a Cybersecurity Analyst. Eager to build real-world software and prepare for upcoming campus recruitment.
STU129,Reyansh Bose,23,Male,Electrical Engineering,6,8.32,"Generative AI, Communication, Data Structures, NLP, Git","Competitive Coding, Cloud Deployment, AI Agents, Fintech",Software Engineer Specialist,Software Engineer,Beginner,"Automated Testing and CI/CD Pipeline, Portfolio Website and REST API",Discussion & Case Studies,Chat & Code Reviews,High (3-4 hrs/week),63,84,62,South Hostel,6th semester Electrical Engineering student targeting a career as a Software Engineer. Eager to build real-world software and prepare for upcoming campus recruitment.
STU130,Dhruv Bose,20,Male,Information Technology,7,8.51,"Kubernetes, Public Speaking, Machine Learning, Research, Cybersecurity, Deep Learning","Mobile Apps, Fintech",Researcher Specialist,Researcher,Intermediate,Distributed Researcher Pipeline,Pair Programming,Chat & Code Reviews,Weekends Only,62,81,84,Off-Campus,7th semester Information Technology student targeting a career as a Researcher. Eager to build real-world software and prepare for upcoming campus recruitment.
STU131,Karan Das,20,Male,Electrical Engineering,8,6.79,"Figma, Public Speaking, Power BI, Leadership, Data Analysis","Cloud Deployment, Fintech",Senior Product Manager,Product Manager,Advanced,"Figma Analytics Dashboard, Distributed Product Manager Pipeline, Machine Learning Classifier on Kaggle",Hands-on Projects,Weekly Video Calls,High (3-4 hrs/week),77,75,48,Tech Hub Wing,8th semester Electrical Engineering student targeting a career as a Product Manager. Eager to build real-world software and prepare for upcoming campus recruitment.
STU132,Vihaan Kothari,22,Male,Artificial Intelligence & Data Science,8,7.16,"Python, Linux, RAG, AWS, GCP, Leadership, Azure","Web3, AI Agents",Cloud Engineer Specialist,Cloud Engineer,Intermediate,"Python Analytics Dashboard, Real-time Chat Application with FastAPI, Portfolio Website and REST API",Hands-on Projects,Weekly Video Calls,High (Flexible),67,60,56,South Hostel,8th semester Artificial Intelligence & Data Science student targeting a career as a Cloud Engineer. Eager to build real-world software and prepare for upcoming campus recruitment.
STU133,Pranav Saxena,22,Male,Information Technology,8,7.18,"Communication, Data Structures, SQL, Deep Learning","Generative AI, System Scalability, Fintech, Web3",Data Analyst Specialist,Data Analyst,Intermediate,"Automated Testing and CI/CD Pipeline, Real-time Chat Application with Node.js",Pair Programming,Weekly Video Calls,Evenings,90,95,81,Off-Campus,8th semester Information Technology student targeting a career as a Data Analyst. Eager to build real-world software and prepare for upcoming campus recruitment.
STU134,Neha Malhotra,20,Female,Electrical Engineering,6,8.43,"FastAPI, Generative AI, RAG, LLMs, Research, Docker","Mobile Apps, Fintech",AI Engineer Specialist,AI Engineer,Advanced,"Portfolio Website and REST API, Real-time Chat Application with FastAPI, Distributed AI Engineer Pipeline",Discussion & Case Studies,Weekly Video Calls,High (3-4 hrs/week),65,67,56,Tech Hub Wing,6th semester Electrical Engineering student targeting a career as a AI Engineer. Eager to build real-world software and prepare for upcoming campus recruitment.
STU135,Sneha Rao,20,Female,Mechanical Engineering,4,8.88,"Generative AI, Python, Communication, JavaScript, Power BI, Tableau, LLMs","Mobile Apps, System Scalability",Data Analyst Specialist,Data Analyst,Advanced,"Real-time Chat Application with Node.js, Machine Learning Classifier on Kaggle, Portfolio Website and REST API",Discussion & Case Studies,Weekly Video Calls,Weekends Only,79,90,90,North Campus,4th semester Mechanical Engineering student targeting a career as a Data Analyst. Eager to build real-world software and prepare for upcoming campus recruitment.
STU136,Sara Gupta,19,Female,Mechanical Engineering,5,8.89,"React, Design Systems, UI/UX, Algorithms","Fintech, Robotics",UI/UX Designer Specialist,UI/UX Designer,Intermediate,"React Analytics Dashboard, Automated Testing and CI/CD Pipeline",Discussion & Case Studies,Flexible Office Hours,High (Flexible),68,66,77,North Campus,5th semester Mechanical Engineering student targeting a career as a UI/UX Designer. Eager to build real-world software and prepare for upcoming campus recruitment.
STU137,Sara Shah,21,Female,Information Technology,7,6.9,"Python, Data Structures, Tableau, SQL, Data Analysis","Competitive Coding, Web3, Open Source",Senior Data Analyst,Data Analyst,Intermediate,"Real-time Chat Application with React, Distributed Data Analyst Pipeline",Hands-on Projects,Async & Weekly Sync,Evenings,90,61,89,Off-Campus,7th semester Information Technology student targeting a career as a Data Analyst. Eager to build real-world software and prepare for upcoming campus recruitment.
STU138,Advik Pandey,19,Male,Information Technology,7,9.02,"Communication, Figma, Leadership, Research, Data Analysis","Generative AI, Competitive Coding, System Scalability",Product Manager Specialist,Product Manager,Advanced,Communication Analytics Dashboard,Conceptual / Theory First,Weekly Video Calls,Weekends Only,68,50,60,Off-Campus,7th semester Information Technology student targeting a career as a Product Manager. Eager to build real-world software and prepare for upcoming campus recruitment.
STU139,Ayaan Patel,20,Male,Electronics & Communication,7,8.44,"Deep Learning, RAG, Data Structures, Algorithms, Tableau, Data Analysis","Open Source, Mobile Apps, Web3",Senior Data Scientist,Data Scientist,Intermediate,Distributed Data Scientist Pipeline,Conceptual / Theory First,Async & Weekly Sync,High (Flexible),57,60,65,South Hostel,7th semester Electronics & Communication student targeting a career as a Data Scientist. Eager to build real-world software and prepare for upcoming campus recruitment.
STU140,Sai Joshi,20,Male,Mechanical Engineering,8,9.11,"Communication, SQL, System Design, React, Java, Cybersecurity, Django","Cloud Deployment, Robotics",Cybersecurity Analyst Specialist,Cybersecurity Analyst,Intermediate,"Portfolio Website and REST API, Distributed Cybersecurity Analyst Pipeline",Hands-on Projects,Bi-weekly Mentorship,Evenings,69,57,75,North Campus,8th semester Mechanical Engineering student targeting a career as a Cybersecurity Analyst. Eager to build real-world software and prepare for upcoming campus recruitment.
STU141,Sneha Malhotra,23,Female,Artificial Intelligence & Data Science,7,8.5,"Django, Machine Learning, SQL, Algorithms","System Scalability, Competitive Coding, Fintech",Data Scientist Specialist,Data Scientist,Advanced,"Distributed Data Scientist Pipeline, Django Analytics Dashboard",Step-by-step Guidance,Weekly Video Calls,Evenings,57,72,85,Off-Campus,7th semester Artificial Intelligence & Data Science student targeting a career as a Data Scientist. Eager to build real-world software and prepare for upcoming campus recruitment.
STU142,Advaith Sharma,22,Male,Computer Science Engineering,8,6.79,"FastAPI, Docker, Python, Django, Computer Vision, MLOps, Azure, Deep Learning","Fintech, Competitive Coding, Web3",AI/ML Engineer Specialist,AI/ML Engineer,Beginner,"Portfolio Website and REST API, Real-time Chat Application with Node.js",Hands-on Projects,Async & Weekly Sync,High (3-4 hrs/week),51,61,42,North Campus,8th semester Computer Science Engineering student targeting a career as a AI/ML Engineer. Eager to build real-world software and prepare for upcoming campus recruitment.
STU143,Ayaan Deshmukh,19,Male,Mechanical Engineering,4,7.58,"Figma, UI/UX, Public Speaking, Data Analysis","Web3, Fintech, Robotics",Product Manager Specialist,Product Manager,Advanced,Distributed Product Manager Pipeline,Conceptual / Theory First,Async & Weekly Sync,Evenings,75,76,81,Tech Hub Wing,4th semester Mechanical Engineering student targeting a career as a Product Manager. Eager to build real-world software and prepare for upcoming campus recruitment.
STU144,Siya Deshmukh,20,Female,Electronics & Communication,4,8.52,"Python, JavaScript, System Design, AWS, GCP, Docker, Node.js","Mobile Apps, Generative AI, System Scalability",Cloud Engineer Specialist,Cloud Engineer,Advanced,"Machine Learning Classifier on Kaggle, Python Analytics Dashboard, Automated Testing and CI/CD Pipeline",Step-by-step Guidance,Bi-weekly Mentorship,Evenings,66,83,73,South Hostel,4th semester Electronics & Communication student targeting a career as a Cloud Engineer. Eager to build real-world software and prepare for upcoming campus recruitment.
STU145,Tanvi Shah,22,Female,Electrical Engineering,3,6.54,"Python, Data Structures, GCP, Git, SQL, Data Analysis","Generative AI, AI Agents, System Scalability",Data Scientist Specialist,Data Scientist,Advanced,Automated Testing and CI/CD Pipeline,Discussion & Case Studies,Chat & Code Reviews,High (3-4 hrs/week),86,74,65,Tech Hub Wing,3th semester Electrical Engineering student targeting a career as a Data Scientist. Eager to build real-world software and prepare for upcoming campus recruitment.
STU146,Anvi Rao,21,Female,Computer Science Engineering,6,8.96,"Generative AI, Python, RAG, LLMs","Fintech, AI Agents, System Scalability, Mobile Apps",Senior AI Engineer,AI Engineer,Advanced,Automated Testing and CI/CD Pipeline,Discussion & Case Studies,Flexible Office Hours,High (Flexible),74,71,63,Tech Hub Wing,6th semester Computer Science Engineering student targeting a career as a AI Engineer. Eager to build real-world software and prepare for upcoming campus recruitment.
STU147,Rahul Deshmukh,23,Male,Artificial Intelligence & Data Science,8,7.99,"Docker, Python, Tableau, MLOps, Git, Deep Learning","Cloud Deployment, Generative AI, Open Source",AI/ML Engineer Specialist,AI/ML Engineer,Intermediate,"Docker Analytics Dashboard, Real-time Chat Application with FastAPI",Conceptual / Theory First,Weekly Video Calls,High (3-4 hrs/week),53,95,87,Tech Hub Wing,8th semester Artificial Intelligence & Data Science student targeting a career as a AI/ML Engineer. Eager to build real-world software and prepare for upcoming campus recruitment.
STU148,Advik Choudhury,23,Male,Information Technology,8,7.62,"Cybersecurity, Communication, Python, System Design, Power BI, LLMs, SQL","Web3, Generative AI",Senior Cybersecurity Analyst,Cybersecurity Analyst,Advanced,"Automated Testing and CI/CD Pipeline, Machine Learning Classifier on Kaggle, Distributed Cybersecurity Analyst Pipeline",Conceptual / Theory First,Weekly Video Calls,High (3-4 hrs/week),92,53,75,Tech Hub Wing,8th semester Information Technology student targeting a career as a Cybersecurity Analyst. Eager to build real-world software and prepare for upcoming campus recruitment.
STU149,Sneha Bansal,20,Female,Electrical Engineering,5,8.16,"Python, Linux, Communication, Networking, Leadership, SQL, Deep Learning","Robotics, AI Agents",Cybersecurity Analyst Specialist,Cybersecurity Analyst,Intermediate,"Machine Learning Classifier on Kaggle, Distributed Cybersecurity Analyst Pipeline, Portfolio Website and REST API",Discussion & Case Studies,Bi-weekly Mentorship,Weekends Only,89,85,60,South Hostel,5th semester Electrical Engineering student targeting a career as a Cybersecurity Analyst. Eager to build real-world software and prepare for upcoming campus recruitment.
STU150,Rahul Saxena,19,Male,Information Technology,7,8.29,"Generative AI, Python, Data Structures, Power BI, LLMs","Robotics, AI Agents, Fintech, Competitive Coding",Senior Data Analyst,Data Analyst,Intermediate,"Distributed Data Analyst Pipeline, Generative AI Analytics Dashboard",Conceptual / Theory First,Bi-weekly Mentorship,Moderate (2 hrs/week),45,83,46,Off-Campus,7th semester Information Technology student targeting a career as a Data Analyst. Eager to build real-world software and prepare for upcoming campus recruitment.
STU151,Neha Nair,23,Female,Information Technology,3,8.78,"Python, Communication, Data Structures, Azure, UI/UX, MLOps, Git, SQL","AI Agents, Fintech",Senior Software Engineer,Software Engineer,Advanced,"Portfolio Website and REST API, Real-time Chat Application with Node.js",Hands-on Projects,Async & Weekly Sync,Weekends Only,87,53,64,South Hostel,3th semester Information Technology student targeting a career as a Software Engineer. Eager to build real-world software and prepare for upcoming campus recruitment.
STU152,Kavya Pillai,21,Female,Electronics & Communication,4,9.51,"MongoDB, Public Speaking, Algorithms, NLP, Leadership, Git, Deep Learning","Cloud Deployment, Open Source",Researcher Specialist,Researcher,Beginner,Automated Testing and CI/CD Pipeline,Discussion & Case Studies,Bi-weekly Mentorship,Moderate (2 hrs/week),92,82,47,South Hostel,4th semester Electronics & Communication student targeting a career as a Researcher. Eager to build real-world software and prepare for upcoming campus recruitment.
STU153,Prisha Pillai,22,Female,Artificial Intelligence & Data Science,3,7.59,"Prompt Engineering, Research, Algorithms, Deep Learning","Fintech, Web3, Mobile Apps, Generative AI",Researcher Specialist,Researcher,Advanced,"Prompt Engineering Analytics Dashboard, Machine Learning Classifier on Kaggle, Distributed Researcher Pipeline",Discussion & Case Studies,Flexible Office Hours,Evenings,65,83,54,North Campus,3th semester Artificial Intelligence & Data Science student targeting a career as a Researcher. Eager to build real-world software and prepare for upcoming campus recruitment.
STU154,Saanvi Iyer,23,Female,Information Technology,8,7.6,"Python, System Design, AWS, GCP, DevOps, Leadership, Git","Competitive Coding, System Scalability, Generative AI, Mobile Apps",Senior Cloud Engineer,Cloud Engineer,Intermediate,"Portfolio Website and REST API, Real-time Chat Application with Node.js, Python Analytics Dashboard",Pair Programming,Flexible Office Hours,High (Flexible),69,57,64,Tech Hub Wing,8th semester Information Technology student targeting a career as a Cloud Engineer. Eager to build real-world software and prepare for upcoming campus recruitment.
STU155,Aanya Verma,22,Female,Artificial Intelligence & Data Science,8,7.14,"Figma, Communication, UI/UX, AWS, Node.js","System Scalability, AI Agents",Senior UI/UX Designer,UI/UX Designer,Advanced,"Portfolio Website and REST API, Distributed UI/UX Designer Pipeline, Figma Analytics Dashboard",Pair Programming,Async & Weekly Sync,High (3-4 hrs/week),92,77,81,North Campus,8th semester Artificial Intelligence & Data Science student targeting a career as a UI/UX Designer. Eager to build real-world software and prepare for upcoming campus recruitment.
STU156,Vihaan Singh,23,Male,Artificial Intelligence & Data Science,7,6.73,"FastAPI, GitHub, Python, UI/UX, Java, Docker","Cloud Deployment, AI Agents, Generative AI, Mobile Apps",Full Stack Developer Specialist,Full Stack Developer,Advanced,"FastAPI Analytics Dashboard, Portfolio Website and REST API, Real-time Chat Application with FastAPI",Hands-on Projects,Bi-weekly Mentorship,Weekends Only,84,54,88,North Campus,7th semester Artificial Intelligence & Data Science student targeting a career as a Full Stack Developer. Eager to build real-world software and prepare for upcoming campus recruitment.
STU157,Kabir Pandey,23,Male,Electronics & Communication,6,7.8,"Python, Communication, Figma, DevOps, Git, Data Analysis","Open Source, Fintech, Mobile Apps, Generative AI",Senior Data Analyst,Data Analyst,Advanced,Machine Learning Classifier on Kaggle,Step-by-step Guidance,Flexible Office Hours,High (Flexible),80,59,47,North Campus,6th semester Electronics & Communication student targeting a career as a Data Analyst. Eager to build real-world software and prepare for upcoming campus recruitment.
STU158,Ritvik Kumar,21,Male,Mechanical Engineering,8,9.48,"MongoDB, Python, Linux, GCP, Machine Learning, Git, Azure, Docker","Competitive Coding, Generative AI",Senior Cloud Engineer,Cloud Engineer,Advanced,"Portfolio Website and REST API, MongoDB Analytics Dashboard",Hands-on Projects,Weekly Video Calls,High (Flexible),74,91,75,Tech Hub Wing,8th semester Mechanical Engineering student targeting a career as a Cloud Engineer. Eager to build real-world software and prepare for upcoming campus recruitment.
STU159,Diya Joshi,22,Female,Information Technology,8,8.66,"Prompt Engineering, Data Structures, NLP, SQL, Docker","Fintech, Open Source, Mobile Apps, Robotics",Senior AI/ML Engineer,AI/ML Engineer,Intermediate,Distributed AI/ML Engineer Pipeline,Pair Programming,Bi-weekly Mentorship,Moderate (2 hrs/week),72,60,40,Off-Campus,8th semester Information Technology student targeting a career as a AI/ML Engineer. Eager to build real-world software and prepare for upcoming campus recruitment.
STU160,Sara Choudhury,23,Female,Electronics & Communication,5,9.06,"DevOps, Figma, UI/UX, Data Analysis","Fintech, Cloud Deployment",Product Manager Specialist,Product Manager,Advanced,Machine Learning Classifier on Kaggle,Step-by-step Guidance,Flexible Office Hours,Moderate (2 hrs/week),49,51,72,North Campus,5th semester Electronics & Communication student targeting a career as a Product Manager. Eager to build real-world software and prepare for upcoming campus recruitment.
STU161,Tanvi Nair,20,Female,Electrical Engineering,7,8.06,"Deep Learning, FastAPI, Figma, Power BI, SQL, Data Analysis","AI Agents, Generative AI, System Scalability",Senior Data Scientist,Data Scientist,Advanced,Automated Testing and CI/CD Pipeline,Conceptual / Theory First,Flexible Office Hours,High (Flexible),88,60,88,South Hostel,7th semester Electrical Engineering student targeting a career as a Data Scientist. Eager to build real-world software and prepare for upcoming campus recruitment.
STU162,Priya Mishra,22,Female,Electronics & Communication,5,6.63,"Cybersecurity, Figma, SQL, UI/UX, Research, Product Management","Generative AI, Competitive Coding, Mobile Apps",Senior Product Manager,Product Manager,Beginner,"Real-time Chat Application with Node.js, Machine Learning Classifier on Kaggle, Distributed Product Manager Pipeline",Step-by-step Guidance,Bi-weekly Mentorship,High (Flexible),90,83,80,North Campus,5th semester Electronics & Communication student targeting a career as a Product Manager. Eager to build real-world software and prepare for upcoming campus recruitment.
STU163,Meera Nair,21,Female,Electronics & Communication,4,8.2,"Kubernetes, System Design, AWS, Leadership, Git","System Scalability, Cloud Deployment",Cloud Engineer Specialist,Cloud Engineer,Advanced,Distributed Cloud Engineer Pipeline,Discussion & Case Studies,Async & Weekly Sync,Moderate (2 hrs/week),86,67,53,Tech Hub Wing,4th semester Electronics & Communication student targeting a career as a Cloud Engineer. Eager to build real-world software and prepare for upcoming campus recruitment.
STU164,Diya Mishra,20,Female,Computer Science Engineering,6,8.73,"Deep Learning, Figma, Product Management, UI/UX","Competitive Coding, Open Source, AI Agents, Mobile Apps",Senior Product Manager,Product Manager,Advanced,Real-time Chat Application with React,Discussion & Case Studies,Chat & Code Reviews,High (Flexible),47,86,49,North Campus,6th semester Computer Science Engineering student targeting a career as a Product Manager. Eager to build real-world software and prepare for upcoming campus recruitment.
STU165,Karan Mishra,22,Male,Mechanical Engineering,5,9.63,"FastAPI, Python, RAG, NLP, Docker, Node.js","Open Source, AI Agents, Fintech, Cloud Deployment",Full Stack Developer Specialist,Full Stack Developer,Advanced,"FastAPI Analytics Dashboard, Distributed Full Stack Developer Pipeline, Automated Testing and CI/CD Pipeline",Conceptual / Theory First,Async & Weekly Sync,High (3-4 hrs/week),88,71,69,South Hostel,5th semester Mechanical Engineering student targeting a career as a Full Stack Developer. Eager to build real-world software and prepare for upcoming campus recruitment.
STU166,Meera Pillai,22,Female,Electrical Engineering,8,7.89,"FastAPI, Python, Power BI, Tableau, Machine Learning, Git","Open Source, AI Agents, Generative AI",Data Scientist Specialist,Data Scientist,Advanced,"FastAPI Analytics Dashboard, Machine Learning Classifier on Kaggle",Conceptual / Theory First,Chat & Code Reviews,Evenings,86,77,73,Off-Campus,8th semester Electrical Engineering student targeting a career as a Data Scientist. Eager to build real-world software and prepare for upcoming campus recruitment.
STU167,Prisha Trivedi,21,Female,Mechanical Engineering,8,8.4,"Python, Communication, Product Management, Networking, DevOps, Cybersecurity, Docker","Generative AI, Competitive Coding",Senior Cybersecurity Analyst,Cybersecurity Analyst,Advanced,"Portfolio Website and REST API, Distributed Cybersecurity Analyst Pipeline",Step-by-step Guidance,Bi-weekly Mentorship,High (3-4 hrs/week),78,57,73,South Hostel,8th semester Mechanical Engineering student targeting a career as a Cybersecurity Analyst. Eager to build real-world software and prepare for upcoming campus recruitment.
STU168,Riya Saxena,20,Female,Electrical Engineering,5,7.36,"Communication, JavaScript, UI/UX, React, Research, MLOps","Mobile Apps, AI Agents",UI/UX Designer Specialist,UI/UX Designer,Advanced,"Portfolio Website and REST API, Automated Testing and CI/CD Pipeline",Hands-on Projects,Weekly Video Calls,Evenings,75,66,59,South Hostel,5th semester Electrical Engineering student targeting a career as a UI/UX Designer. Eager to build real-world software and prepare for upcoming campus recruitment.
STU169,Muhammad Kumar,23,Male,Electrical Engineering,6,9.09,"Communication, JavaScript, Figma, Design Systems, UI/UX, NLP","Competitive Coding, Robotics, Cloud Deployment",UI/UX Designer Specialist,UI/UX Designer,Beginner,"Communication Analytics Dashboard, Automated Testing and CI/CD Pipeline, Machine Learning Classifier on Kaggle",Discussion & Case Studies,Bi-weekly Mentorship,High (Flexible),61,64,63,North Campus,6th semester Electrical Engineering student targeting a career as a UI/UX Designer. Eager to build real-world software and prepare for upcoming campus recruitment.
STU170,Deepak Menon,22,Male,Information Technology,8,8.13,"FastAPI, Generative AI, Python, NLP, AWS, Tableau, Power BI, Azure","Open Source, Generative AI, Mobile Apps, Cloud Deployment",Senior AI Engineer,AI Engineer,Advanced,"Real-time Chat Application with Node.js, Automated Testing and CI/CD Pipeline",Discussion & Case Studies,Weekly Video Calls,High (Flexible),45,60,45,North Campus,8th semester Information Technology student targeting a career as a AI Engineer. Eager to build real-world software and prepare for upcoming campus recruitment.
STU171,Priya Kulkarni,21,Female,Computer Science Engineering,3,8.31,"Algorithms, NLP, Public Speaking, Research, Deep Learning","Competitive Coding, Generative AI, Fintech",Researcher Specialist,Researcher,Beginner,Machine Learning Classifier on Kaggle,Pair Programming,Async & Weekly Sync,High (Flexible),71,82,46,Off-Campus,3th semester Computer Science Engineering student targeting a career as a Researcher. Eager to build real-world software and prepare for upcoming campus recruitment.
STU172,Ahana Menon,22,Female,Electrical Engineering,5,8.79,"Communication, Linux, Public Speaking, Networking, Java, LLMs","Cloud Deployment, Fintech, Competitive Coding",Cybersecurity Analyst Specialist,Cybersecurity Analyst,Intermediate,Real-time Chat Application with FastAPI,Pair Programming,Flexible Office Hours,High (Flexible),85,64,83,North Campus,5th semester Electrical Engineering student targeting a career as a Cybersecurity Analyst. Eager to build real-world software and prepare for upcoming campus recruitment.
STU173,Pooja Menon,20,Female,Artificial Intelligence & Data Science,4,7.45,"Python, Linux, System Design, Algorithms, AWS, Cybersecurity","Fintech, Open Source, System Scalability, Web3",Cybersecurity Analyst Specialist,Cybersecurity Analyst,Advanced,"Distributed Cybersecurity Analyst Pipeline, Portfolio Website and REST API",Conceptual / Theory First,Flexible Office Hours,Weekends Only,57,65,87,South Hostel,4th semester Artificial Intelligence & Data Science student targeting a career as a Cybersecurity Analyst. Eager to build real-world software and prepare for upcoming campus recruitment.
STU174,Deepak Patel,22,Male,Computer Science Engineering,3,8.73,"Prompt Engineering, Python, Data Structures, Cybersecurity, SQL","Web3, Fintech, Competitive Coding",Data Analyst Specialist,Data Analyst,Beginner,"Distributed Data Analyst Pipeline, Prompt Engineering Analytics Dashboard, Automated Testing and CI/CD Pipeline",Discussion & Case Studies,Async & Weekly Sync,High (Flexible),77,67,65,Off-Campus,3th semester Computer Science Engineering student targeting a career as a Data Analyst. Eager to build real-world software and prepare for upcoming campus recruitment.
STU175,Kiara Pillai,21,Female,Mechanical Engineering,4,8.01,"Python, UI/UX, MLOps, SQL, Docker","Cloud Deployment, Mobile Apps, AI Agents, Fintech",AI/ML Engineer Specialist,AI/ML Engineer,Intermediate,"Automated Testing and CI/CD Pipeline, Machine Learning Classifier on Kaggle",Pair Programming,Weekly Video Calls,Evenings,56,85,56,Tech Hub Wing,4th semester Mechanical Engineering student targeting a career as a AI/ML Engineer. Eager to build real-world software and prepare for upcoming campus recruitment.
STU176,Advik Das,22,Male,Mechanical Engineering,5,7.7,"Python, Communication, System Design, Kubernetes, Azure, Django","AI Agents, Robotics",Senior Cybersecurity Analyst,Cybersecurity Analyst,Intermediate,"Python Analytics Dashboard, Distributed Cybersecurity Analyst Pipeline",Step-by-step Guidance,Weekly Video Calls,High (Flexible),57,59,87,Off-Campus,5th semester Mechanical Engineering student targeting a career as a Cybersecurity Analyst. Eager to build real-world software and prepare for upcoming campus recruitment.
STU177,Aanya Reddy,21,Female,Artificial Intelligence & Data Science,7,9.33,"FastAPI, Generative AI, Python, Data Structures, NLP, Django, Leadership, Deep Learning","Mobile Apps, Competitive Coding, Fintech",Senior AI Engineer,AI Engineer,Intermediate,"Machine Learning Classifier on Kaggle, Distributed AI Engineer Pipeline, Portfolio Website and REST API",Pair Programming,Bi-weekly Mentorship,High (Flexible),46,76,47,Tech Hub Wing,7th semester Artificial Intelligence & Data Science student targeting a career as a AI Engineer. Eager to build real-world software and prepare for upcoming campus recruitment.
STU178,Deepak Mishra,23,Male,Electronics & Communication,3,7.76,"Prompt Engineering, Python, Figma, Generative AI, Java, SQL","Cloud Deployment, Open Source",Software Engineer Specialist,Software Engineer,Intermediate,"Portfolio Website and REST API, Real-time Chat Application with FastAPI",Step-by-step Guidance,Bi-weekly Mentorship,Evenings,59,70,60,Off-Campus,3th semester Electronics & Communication student targeting a career as a Software Engineer. Eager to build real-world software and prepare for upcoming campus recruitment.
STU179,Priya Agarwal,23,Female,Electrical Engineering,6,7.87,"FastAPI, Power BI, AWS, Data Analysis, Computer Vision, Deep Learning","Cloud Deployment, Competitive Coding, AI Agents",Data Scientist Specialist,Data Scientist,Intermediate,"FastAPI Analytics Dashboard, Portfolio Website and REST API, Real-time Chat Application with Node.js",Conceptual / Theory First,Async & Weekly Sync,Evenings,80,53,41,Off-Campus,6th semester Electrical Engineering student targeting a career as a Data Scientist. Eager to build real-world software and prepare for upcoming campus recruitment.
STU180,Pranav Iyer,23,Male,Mechanical Engineering,5,7.96,"Python, System Design, Power BI, Algorithms, Research","AI Agents, Fintech, Web3",Senior Data Scientist,Data Scientist,Beginner,"Automated Testing and CI/CD Pipeline, Machine Learning Classifier on Kaggle, Portfolio Website and REST API",Discussion & Case Studies,Bi-weekly Mentorship,Weekends Only,89,84,51,Tech Hub Wing,5th semester Mechanical Engineering student targeting a career as a Data Scientist. Eager to build real-world software and prepare for upcoming campus recruitment.
STU181,Ahana Iyer,21,Female,Computer Science Engineering,6,7.52,"Git, Python, Communication, System Design, Research, Cybersecurity","Generative AI, Web3, AI Agents, Open Source",Senior Cybersecurity Analyst,Cybersecurity Analyst,Beginner,Machine Learning Classifier on Kaggle,Conceptual / Theory First,Chat & Code Reviews,High (Flexible),72,68,78,Tech Hub Wing,6th semester Computer Science Engineering student targeting a career as a Cybersecurity Analyst. Eager to build real-world software and prepare for upcoming campus recruitment.
STU182,Kiara Iyer,22,Female,Information Technology,8,8.93,"GCP, Prompt Engineering, Tableau, Linux, Networking, Cybersecurity","Fintech, Competitive Coding, AI Agents, System Scalability",Cybersecurity Analyst Specialist,Cybersecurity Analyst,Beginner,Portfolio Website and REST API,Discussion & Case Studies,Chat & Code Reviews,Weekends Only,49,61,48,Tech Hub Wing,8th semester Information Technology student targeting a career as a Cybersecurity Analyst. Eager to build real-world software and prepare for upcoming campus recruitment.
STU183,Atharva Rao,19,Male,Computer Science Engineering,4,6.66,"Figma, Design Systems, Python, Leadership, React, Azure","Open Source, Generative AI",Senior UI/UX Designer,UI/UX Designer,Intermediate,"Real-time Chat Application with Node.js, Automated Testing and CI/CD Pipeline",Pair Programming,Async & Weekly Sync,Moderate (2 hrs/week),58,71,66,North Campus,4th semester Computer Science Engineering student targeting a career as a UI/UX Designer. Eager to build real-world software and prepare for upcoming campus recruitment.
STU184,Dhruv Pandey,22,Male,Electronics & Communication,3,8.29,"Python, UI/UX, Power BI, Tableau, Git","System Scalability, Generative AI, Competitive Coding",Senior Data Scientist,Data Scientist,Intermediate,Automated Testing and CI/CD Pipeline,Pair Programming,Bi-weekly Mentorship,Moderate (2 hrs/week),92,56,73,North Campus,3th semester Electronics & Communication student targeting a career as a Data Scientist. Eager to build real-world software and prepare for upcoming campus recruitment.
STU185,Priya Kothari,19,Female,Electrical Engineering,7,6.9,"Product Management, Machine Learning, SQL, Public Speaking","Robotics, Mobile Apps",Product Manager Specialist,Product Manager,Beginner,"Distributed Product Manager Pipeline, Product Management Analytics Dashboard",Discussion & Case Studies,Chat & Code Reviews,High (Flexible),55,67,77,South Hostel,7th semester Electrical Engineering student targeting a career as a Product Manager. Eager to build real-world software and prepare for upcoming campus recruitment.
STU186,Aadhya Pandey,19,Female,Computer Science Engineering,4,7.02,"Deep Learning, Python, DevOps, SQL, Docker","Open Source, Web3",AI/ML Engineer Specialist,AI/ML Engineer,Beginner,"Automated Testing and CI/CD Pipeline, Distributed AI/ML Engineer Pipeline",Step-by-step Guidance,Bi-weekly Mentorship,Moderate (2 hrs/week),65,85,90,Off-Campus,4th semester Computer Science Engineering student targeting a career as a AI/ML Engineer. Eager to build real-world software and prepare for upcoming campus recruitment.
STU187,Aditya Bhattacharya,23,Male,Mechanical Engineering,6,8.34,"Communication, Figma, Kubernetes, Public Speaking, React","AI Agents, Open Source, Cloud Deployment, Fintech",UI/UX Designer Specialist,UI/UX Designer,Beginner,"Automated Testing and CI/CD Pipeline, Communication Analytics Dashboard",Step-by-step Guidance,Weekly Video Calls,High (3-4 hrs/week),73,68,56,Off-Campus,6th semester Mechanical Engineering student targeting a career as a UI/UX Designer. Eager to build real-world software and prepare for upcoming campus recruitment.
STU188,Deepak Bansal,19,Male,Information Technology,5,8.88,"Python, Data Structures, System Design, Tableau, Git, Product Management, Data Analysis","Mobile Apps, Cloud Deployment, AI Agents, Fintech",Data Analyst Specialist,Data Analyst,Advanced,Distributed Data Analyst Pipeline,Step-by-step Guidance,Weekly Video Calls,High (3-4 hrs/week),49,52,48,North Campus,5th semester Information Technology student targeting a career as a Data Analyst. Eager to build real-world software and prepare for upcoming campus recruitment.
STU189,Siya Saxena,23,Female,Electronics & Communication,8,8.12,"Kubernetes, Linux, Python, AWS, Git, Docker, Node.js","Web3, Cloud Deployment, Competitive Coding, Robotics",DevOps Engineer Specialist,DevOps Engineer,Advanced,"Real-time Chat Application with FastAPI, Kubernetes Analytics Dashboard",Pair Programming,Flexible Office Hours,High (3-4 hrs/week),48,73,75,North Campus,8th semester Electronics & Communication student targeting a career as a DevOps Engineer. Eager to build real-world software and prepare for upcoming campus recruitment.
STU190,Ritvik Mehta,20,Male,Information Technology,7,6.82,"SQL, Public Speaking, Algorithms, NLP, MLOps, Product Management, Deep Learning","Cloud Deployment, Mobile Apps, Web3, AI Agents",Senior Researcher,Researcher,Advanced,"Automated Testing and CI/CD Pipeline, Machine Learning Classifier on Kaggle, Real-time Chat Application with React",Discussion & Case Studies,Flexible Office Hours,Evenings,72,56,50,Off-Campus,7th semester Information Technology student targeting a career as a Researcher. Eager to build real-world software and prepare for upcoming campus recruitment.
STU191,Ananya Kapoor,20,Female,Artificial Intelligence & Data Science,5,7.86,"Docker, Python, Communication, Power BI, Tableau, Leadership, Cybersecurity, Data Analysis","Robotics, Generative AI, AI Agents",Data Analyst Specialist,Data Analyst,Intermediate,"Docker Analytics Dashboard, Real-time Chat Application with React",Conceptual / Theory First,Bi-weekly Mentorship,High (3-4 hrs/week),83,51,73,Off-Campus,5th semester Artificial Intelligence & Data Science student targeting a career as a Data Analyst. Eager to build real-world software and prepare for upcoming campus recruitment.
STU192,Tanvi Malhotra,20,Female,Electrical Engineering,7,9.56,"GCP, Power BI, LLMs, Machine Learning, Git, SQL","Fintech, Competitive Coding",Senior Data Scientist,Data Scientist,Beginner,"GCP Analytics Dashboard, Real-time Chat Application with React, Automated Testing and CI/CD Pipeline",Step-by-step Guidance,Flexible Office Hours,High (3-4 hrs/week),81,75,76,Off-Campus,7th semester Electrical Engineering student targeting a career as a Data Scientist. Eager to build real-world software and prepare for upcoming campus recruitment.
STU193,Aditya Mishra,20,Male,Electrical Engineering,6,6.76,"RAG, AWS, LLMs, Machine Learning, Docker","Robotics, Generative AI",AI Engineer Specialist,AI Engineer,Intermediate,"Distributed AI Engineer Pipeline, Real-time Chat Application with FastAPI, Portfolio Website and REST API",Hands-on Projects,Chat & Code Reviews,Evenings,78,52,60,North Campus,6th semester Electrical Engineering student targeting a career as a AI Engineer. Eager to build real-world software and prepare for upcoming campus recruitment.
STU194,Pranav Das,23,Male,Artificial Intelligence & Data Science,6,6.99,"Python, Linux, Communication, Power BI, AWS, GCP, Git","Open Source, Competitive Coding, Web3, Fintech",Senior Cloud Engineer,Cloud Engineer,Beginner,Machine Learning Classifier on Kaggle,Discussion & Case Studies,Weekly Video Calls,Moderate (2 hrs/week),76,75,81,North Campus,6th semester Artificial Intelligence & Data Science student targeting a career as a Cloud Engineer. Eager to build real-world software and prepare for upcoming campus recruitment.
STU195,Dhruv Pandey,20,Male,Electronics & Communication,5,8.76,"GitHub, Python, Kubernetes, CI/CD, RAG, Algorithms, AWS","Generative AI, Fintech, Open Source, Web3",Senior DevOps Engineer,DevOps Engineer,Advanced,Distributed DevOps Engineer Pipeline,Pair Programming,Weekly Video Calls,High (3-4 hrs/week),73,89,49,North Campus,5th semester Electronics & Communication student targeting a career as a DevOps Engineer. Eager to build real-world software and prepare for upcoming campus recruitment.
STU196,Priya Verma,23,Female,Information Technology,7,9.56,"Python, Data Structures, System Design, Algorithms, AWS, DevOps, Git","System Scalability, AI Agents",Senior Software Engineer,Software Engineer,Advanced,"Distributed Software Engineer Pipeline, Python Analytics Dashboard, Automated Testing and CI/CD Pipeline",Discussion & Case Studies,Async & Weekly Sync,Weekends Only,61,85,70,South Hostel,7th semester Information Technology student targeting a career as a Software Engineer. Eager to build real-world software and prepare for upcoming campus recruitment.
STU197,Vihaan Reddy,20,Male,Information Technology,8,8.54,"FastAPI, AWS, Machine Learning, Java, Cybersecurity, Django","Robotics, System Scalability, Competitive Coding",AI Engineer Specialist,AI Engineer,Advanced,"Machine Learning Classifier on Kaggle, FastAPI Analytics Dashboard, Distributed AI Engineer Pipeline",Discussion & Case Studies,Chat & Code Reviews,High (Flexible),90,56,60,North Campus,8th semester Information Technology student targeting a career as a AI Engineer. Eager to build real-world software and prepare for upcoming campus recruitment.
STU198,Aditya Iyer,19,Male,Electrical Engineering,5,7.6,"GCP, GitHub, Communication, Networking, SQL","Fintech, Generative AI, Competitive Coding, System Scalability",Cybersecurity Analyst Specialist,Cybersecurity Analyst,Beginner,"Automated Testing and CI/CD Pipeline, Distributed Cybersecurity Analyst Pipeline",Step-by-step Guidance,Flexible Office Hours,High (Flexible),80,67,54,South Hostel,5th semester Electrical Engineering student targeting a career as a Cybersecurity Analyst. Eager to build real-world software and prepare for upcoming campus recruitment.
STU199,Isha Iyer,19,Female,Electrical Engineering,4,7.91,"Algorithms, LLMs, Java, SQL, Docker","System Scalability, Open Source, Fintech, Mobile Apps",Software Engineer Specialist,Software Engineer,Advanced,"Machine Learning Classifier on Kaggle, Distributed Software Engineer Pipeline, Real-time Chat Application with React",Discussion & Case Studies,Flexible Office Hours,High (3-4 hrs/week),78,58,67,South Hostel,4th semester Electrical Engineering student targeting a career as a Software Engineer. Eager to build real-world software and prepare for upcoming campus recruitment.
STU200,Ananya Menon,20,Female,Information Technology,8,6.6,"MongoDB, Kubernetes, Linux, System Design, NLP, DevOps","Open Source, Competitive Coding",Cloud Engineer Specialist,Cloud Engineer,Beginner,"Machine Learning Classifier on Kaggle, Distributed Cloud Engineer Pipeline, Portfolio Website and REST API",Hands-on Projects,Bi-weekly Mentorship,High (3-4 hrs/week),84,89,57,Tech Hub Wing,8th semester Information Technology student targeting a career as a Cloud Engineer. Eager to build real-world software and prepare for upcoming campus recruitment.
STU201,Ayaan Malhotra,19,Male,Electrical Engineering,6,8.85,"System Design, GCP, Git, Azure","Robotics, Generative AI",Senior Cloud Engineer,Cloud Engineer,Intermediate,Distributed Cloud Engineer Pipeline,Conceptual / Theory First,Chat & Code Reviews,High (Flexible),71,64,87,Tech Hub Wing,6th semester Electrical Engineering student targeting a career as a Cloud Engineer. Eager to build real-world software and prepare for upcoming campus recruitment.
STU202,Pooja Rao,21,Female,Electronics & Communication,4,7.91,"Generative AI, Python, Public Speaking, AWS, Django, Leadership, Docker","System Scalability, AI Agents",AI Engineer Specialist,AI Engineer,Advanced,"Portfolio Website and REST API, Generative AI Analytics Dashboard, Distributed AI Engineer Pipeline",Step-by-step Guidance,Chat & Code Reviews,Weekends Only,70,52,75,Off-Campus,4th semester Electronics & Communication student targeting a career as a AI Engineer. Eager to build real-world software and prepare for upcoming campus recruitment.
STU203,Myra Singh,19,Female,Electronics & Communication,5,8.52,"RAG, Power BI, Machine Learning, MLOps, SQL","AI Agents, Open Source, Robotics, System Scalability",AI Engineer Specialist,AI Engineer,Intermediate,"Portfolio Website and REST API, Distributed AI Engineer Pipeline, Automated Testing and CI/CD Pipeline",Pair Programming,Bi-weekly Mentorship,Moderate (2 hrs/week),73,51,51,North Campus,5th semester Electronics & Communication student targeting a career as a AI Engineer. Eager to build real-world software and prepare for upcoming campus recruitment.
STU204,Reyansh Patel,21,Male,Mechanical Engineering,6,8.59,"JavaScript, NLP, Computer Vision, SQL, Deep Learning","Competitive Coding, Open Source, AI Agents",AI/ML Engineer Specialist,AI/ML Engineer,Beginner,"Real-time Chat Application with Node.js, Automated Testing and CI/CD Pipeline",Conceptual / Theory First,Async & Weekly Sync,Moderate (2 hrs/week),56,95,43,South Hostel,6th semester Mechanical Engineering student targeting a career as a AI/ML Engineer. Eager to build real-world software and prepare for upcoming campus recruitment.
STU205,Aarav Bansal,20,Male,Artificial Intelligence & Data Science,3,8.01,"Figma, UI/UX, Public Speaking, Research, Product Management","Cloud Deployment, Generative AI, System Scalability",Product Manager Specialist,Product Manager,Advanced,Figma Analytics Dashboard,Conceptual / Theory First,Async & Weekly Sync,Weekends Only,62,89,80,North Campus,3th semester Artificial Intelligence & Data Science student targeting a career as a Product Manager. Eager to build real-world software and prepare for upcoming campus recruitment.
STU206,Krishna Pillai,22,Male,Computer Science Engineering,8,8.41,"Computer Vision, DevOps, Kubernetes, Docker","Fintech, AI Agents, Open Source, System Scalability",Senior DevOps Engineer,DevOps Engineer,Advanced,"Real-time Chat Application with React, Portfolio Website and REST API",Hands-on Projects,Chat & Code Reviews,High (Flexible),82,73,42,North Campus,8th semester Computer Science Engineering student targeting a career as a DevOps Engineer. Eager to build real-world software and prepare for upcoming campus recruitment.
STU207,Kabir Bhattacharya,20,Male,Information Technology,3,8.79,"Generative AI, Python, Communication, Algorithms, React, SQL, Django","AI Agents, Cloud Deployment, Web3, Mobile Apps",Senior Software Engineer,Software Engineer,Advanced,"Real-time Chat Application with Node.js, Portfolio Website and REST API, Machine Learning Classifier on Kaggle",Discussion & Case Studies,Flexible Office Hours,Evenings,83,95,58,Tech Hub Wing,3th semester Information Technology student targeting a career as a Software Engineer. Eager to build real-world software and prepare for upcoming campus recruitment.
STU208,Aanya Trivedi,19,Female,Information Technology,7,7.27,"Prompt Engineering, Python, Data Structures, Algorithms, AWS, Machine Learning","Robotics, Generative AI, Mobile Apps",Software Engineer Specialist,Software Engineer,Intermediate,"Distributed Software Engineer Pipeline, Real-time Chat Application with React, Machine Learning Classifier on Kaggle",Pair Programming,Bi-weekly Mentorship,High (Flexible),80,90,53,Off-Campus,7th semester Information Technology student targeting a career as a Software Engineer. Eager to build real-world software and prepare for upcoming campus recruitment.
STU209,Deepak Sharma,20,Male,Computer Science Engineering,8,7.6,"Python, SQL, System Design, JavaScript, Networking, Research, Cybersecurity, Deep Learning","Open Source, Web3, Mobile Apps",Cybersecurity Analyst Specialist,Cybersecurity Analyst,Intermediate,"Portfolio Website and REST API, Real-time Chat Application with Node.js, Python Analytics Dashboard",Discussion & Case Studies,Bi-weekly Mentorship,Weekends Only,71,53,73,North Campus,8th semester Computer Science Engineering student targeting a career as a Cybersecurity Analyst. Eager to build real-world software and prepare for upcoming campus recruitment.
STU210,Krishna Nair,22,Male,Computer Science Engineering,5,9.75,"Tableau, Python, Data Structures, RAG","Fintech, Mobile Apps",Data Analyst Specialist,Data Analyst,Advanced,"Distributed Data Analyst Pipeline, Real-time Chat Application with React",Pair Programming,Weekly Video Calls,High (Flexible),47,67,66,Off-Campus,5th semester Computer Science Engineering student targeting a career as a Data Analyst. Eager to build real-world software and prepare for upcoming campus recruitment.
STU211,Shaurya Patel,22,Male,Artificial Intelligence & Data Science,3,9.07,"Tableau, Machine Learning, MLOps, Research, Deep Learning","Mobile Apps, Open Source, Cloud Deployment",AI/ML Engineer Specialist,AI/ML Engineer,Advanced,Automated Testing and CI/CD Pipeline,Discussion & Case Studies,Async & Weekly Sync,High (3-4 hrs/week),88,58,53,Off-Campus,3th semester Artificial Intelligence & Data Science student targeting a career as a AI/ML Engineer. Eager to build real-world software and prepare for upcoming campus recruitment.
STU212,Aditya Deshmukh,19,Male,Electrical Engineering,3,7.6,"FastAPI, MongoDB, Python, RAG, NLP, Deep Learning","Fintech, AI Agents, Mobile Apps",Senior AI Engineer,AI Engineer,Intermediate,Real-time Chat Application with React,Hands-on Projects,Flexible Office Hours,High (Flexible),87,57,57,North Campus,3th semester Electrical Engineering student targeting a career as a AI Engineer. Eager to build real-world software and prepare for upcoming campus recruitment.
STU213,Advik Kapoor,22,Male,Artificial Intelligence & Data Science,7,7.55,"Python, Data Structures, DevOps, Leadership, Git, SQL, Data Analysis","Open Source, Generative AI",Data Scientist Specialist,Data Scientist,Intermediate,Python Analytics Dashboard,Step-by-step Guidance,Weekly Video Calls,High (Flexible),88,53,46,Tech Hub Wing,7th semester Artificial Intelligence & Data Science student targeting a career as a Data Scientist. Eager to build real-world software and prepare for upcoming campus recruitment.
STU214,Kavya Joshi,21,Female,Artificial Intelligence & Data Science,5,9.2,"GitHub, Python, Algorithms, NLP, Django, Public Speaking, Machine Learning, Deep Learning","Web3, Competitive Coding, System Scalability, Cloud Deployment",Researcher Specialist,Researcher,Beginner,Portfolio Website and REST API,Pair Programming,Chat & Code Reviews,Evenings,84,66,63,North Campus,5th semester Artificial Intelligence & Data Science student targeting a career as a Researcher. Eager to build real-world software and prepare for upcoming campus recruitment.
STU215,Arjun Bhattacharya,19,Male,Computer Science Engineering,5,8.08,"System Design, Power BI, Machine Learning, SQL, Data Analysis","Cloud Deployment, Fintech, Web3, System Scalability",Senior Data Scientist,Data Scientist,Advanced,"Distributed Data Scientist Pipeline, Automated Testing and CI/CD Pipeline, Machine Learning Classifier on Kaggle",Pair Programming,Weekly Video Calls,High (Flexible),71,65,79,Tech Hub Wing,5th semester Computer Science Engineering student targeting a career as a Data Scientist. Eager to build real-world software and prepare for upcoming campus recruitment.
STU216,Riya Agarwal,22,Female,Artificial Intelligence & Data Science,7,8.79,"System Design, Public Speaking, Machine Learning, MLOps, Git, Deep Learning","Web3, Open Source",Data Scientist Specialist,Data Scientist,Intermediate,"Machine Learning Classifier on Kaggle, Automated Testing and CI/CD Pipeline, Real-time Chat Application with React",Hands-on Projects,Async & Weekly Sync,Moderate (2 hrs/week),70,54,78,South Hostel,7th semester Artificial Intelligence & Data Science student targeting a career as a Data Scientist. Eager to build real-world software and prepare for upcoming campus recruitment.
STU217,Prisha Shah,21,Female,Mechanical Engineering,3,9.0,"Python, Communication, System Design, Power BI, Tableau, SQL","Competitive Coding, Fintech, Robotics",Senior Data Analyst,Data Analyst,Advanced,"Machine Learning Classifier on Kaggle, Automated Testing and CI/CD Pipeline, Distributed Data Analyst Pipeline",Hands-on Projects,Bi-weekly Mentorship,High (Flexible),67,55,77,North Campus,3th semester Mechanical Engineering student targeting a career as a Data Analyst. Eager to build real-world software and prepare for upcoming campus recruitment.
STU218,Aarav Kulkarni,20,Male,Electrical Engineering,5,6.86,"Communication, Figma, UI/UX, Git, SQL","Robotics, AI Agents, System Scalability",Software Engineer Specialist,Software Engineer,Advanced,"Automated Testing and CI/CD Pipeline, Real-time Chat Application with React, Portfolio Website and REST API",Pair Programming,Weekly Video Calls,Moderate (2 hrs/week),56,80,48,North Campus,5th semester Electrical Engineering student targeting a career as a Software Engineer. Eager to build real-world software and prepare for upcoming campus recruitment.
STU219,Arjun Saxena,22,Male,Computer Science Engineering,4,8.88,"RAG, UI/UX, Public Speaking, SQL","Competitive Coding, Open Source, Web3",Product Manager Specialist,Product Manager,Advanced,"Distributed Product Manager Pipeline, Portfolio Website and REST API",Discussion & Case Studies,Async & Weekly Sync,High (Flexible),72,85,68,Tech Hub Wing,4th semester Computer Science Engineering student targeting a career as a Product Manager. Eager to build real-world software and prepare for upcoming campus recruitment.
STU220,Karan Iyer,22,Male,Mechanical Engineering,7,7.39,"Communication, JavaScript, UI/UX, LLMs, Machine Learning, Cybersecurity","Cloud Deployment, Open Source, Fintech",UI/UX Designer Specialist,UI/UX Designer,Intermediate,Distributed UI/UX Designer Pipeline,Hands-on Projects,Flexible Office Hours,High (Flexible),78,55,73,Off-Campus,7th semester Mechanical Engineering student targeting a career as a UI/UX Designer. Eager to build real-world software and prepare for upcoming campus recruitment.
STU221,Kavya Verma,21,Female,Artificial Intelligence & Data Science,7,9.07,"Communication, JavaScript, Public Speaking, Computer Vision, SQL, Data Analysis","Competitive Coding, Fintech, AI Agents, Generative AI",Product Manager Specialist,Product Manager,Advanced,Portfolio Website and REST API,Discussion & Case Studies,Async & Weekly Sync,Weekends Only,75,87,50,Tech Hub Wing,7th semester Artificial Intelligence & Data Science student targeting a career as a Product Manager. Eager to build real-world software and prepare for upcoming campus recruitment.
STU222,Reyansh Gupta,19,Male,Electrical Engineering,3,9.31,"Git, Communication, Data Structures, System Design, RAG, Machine Learning, Java, SQL","Open Source, Web3, Mobile Apps, Robotics",Senior Software Engineer,Software Engineer,Beginner,Machine Learning Classifier on Kaggle,Pair Programming,Async & Weekly Sync,Moderate (2 hrs/week),61,94,55,South Hostel,3th semester Electrical Engineering student targeting a career as a Software Engineer. Eager to build real-world software and prepare for upcoming campus recruitment.
STU223,Aanya Pandey,22,Female,Electronics & Communication,6,7.29,"Communication, React, Leadership, SQL, Docker","Generative AI, Open Source",Product Manager Specialist,Product Manager,Intermediate,"Machine Learning Classifier on Kaggle, Distributed Product Manager Pipeline, Automated Testing and CI/CD Pipeline",Step-by-step Guidance,Bi-weekly Mentorship,Moderate (2 hrs/week),70,80,59,Tech Hub Wing,6th semester Electronics & Communication student targeting a career as a Product Manager. Eager to build real-world software and prepare for upcoming campus recruitment.
STU224,Aarav Reddy,23,Male,Electronics & Communication,6,8.74,"Prompt Engineering, Communication, Kubernetes, UI/UX, React","Fintech, Competitive Coding, Cloud Deployment",UI/UX Designer Specialist,UI/UX Designer,Intermediate,"Portfolio Website and REST API, Distributed UI/UX Designer Pipeline, Machine Learning Classifier on Kaggle",Pair Programming,Weekly Video Calls,Weekends Only,86,87,65,North Campus,6th semester Electronics & Communication student targeting a career as a UI/UX Designer. Eager to build real-world software and prepare for upcoming campus recruitment.
STU225,Neha Sharma,23,Female,Computer Science Engineering,3,7.86,"Figma, Design Systems, Communication, JavaScript, React","Competitive Coding, Cloud Deployment",Senior UI/UX Designer,UI/UX Designer,Beginner,"Figma Analytics Dashboard, Portfolio Website and REST API, Machine Learning Classifier on Kaggle",Conceptual / Theory First,Chat & Code Reviews,High (Flexible),83,92,53,South Hostel,3th semester Computer Science Engineering student targeting a career as a UI/UX Designer. Eager to build real-world software and prepare for upcoming campus recruitment.
STU226,Sai Kulkarni,20,Male,Information Technology,5,7.47,"Communication, Data Structures, Power BI, Tableau, Data Analysis, Node.js","Generative AI, Robotics, AI Agents",Data Analyst Specialist,Data Analyst,Intermediate,"Communication Analytics Dashboard, Automated Testing and CI/CD Pipeline",Discussion & Case Studies,Chat & Code Reviews,Moderate (2 hrs/week),48,66,56,Tech Hub Wing,5th semester Information Technology student targeting a career as a Data Analyst. Eager to build real-world software and prepare for upcoming campus recruitment.
STU227,Muhammad Gupta,21,Male,Electrical Engineering,6,7.22,"Python, Communication, Power BI, SQL, Node.js","Fintech, Web3, Generative AI, System Scalability",Senior Data Analyst,Data Analyst,Beginner,"Automated Testing and CI/CD Pipeline, Real-time Chat Application with React, Distributed Data Analyst Pipeline",Step-by-step Guidance,Flexible Office Hours,High (3-4 hrs/week),86,90,40,Tech Hub Wing,6th semester Electrical Engineering student targeting a career as a Data Analyst. Eager to build real-world software and prepare for upcoming campus recruitment.
STU228,Sara Das,21,Female,Electronics & Communication,8,9.08,"FastAPI, Python, Data Structures, Algorithms, DevOps, MLOps","Fintech, Robotics, Generative AI, Mobile Apps",AI/ML Engineer Specialist,AI/ML Engineer,Advanced,Automated Testing and CI/CD Pipeline,Conceptual / Theory First,Weekly Video Calls,High (Flexible),50,73,74,North Campus,8th semester Electronics & Communication student targeting a career as a AI/ML Engineer. Eager to build real-world software and prepare for upcoming campus recruitment.
STU229,Pari Deshmukh,19,Female,Information Technology,5,8.8,"Deep Learning, MongoDB, JavaScript, NLP, Machine Learning, MLOps, Docker","Generative AI, System Scalability",AI/ML Engineer Specialist,AI/ML Engineer,Intermediate,"Real-time Chat Application with FastAPI, Automated Testing and CI/CD Pipeline, Machine Learning Classifier on Kaggle",Hands-on Projects,Bi-weekly Mentorship,High (3-4 hrs/week),69,54,90,Off-Campus,5th semester Information Technology student targeting a career as a AI/ML Engineer. Eager to build real-world software and prepare for upcoming campus recruitment.
STU230,Karan Verma,20,Male,Electronics & Communication,3,7.2,"Python, Communication, Data Structures, JavaScript, Data Analysis","Open Source, Web3, Generative AI, System Scalability",Data Analyst Specialist,Data Analyst,Advanced,Python Analytics Dashboard,Hands-on Projects,Bi-weekly Mentorship,High (3-4 hrs/week),47,65,84,Tech Hub Wing,3th semester Electronics & Communication student targeting a career as a Data Analyst. Eager to build real-world software and prepare for upcoming campus recruitment.
STU231,Kavya Singh,19,Female,Electrical Engineering,3,9.2,"FastAPI, Figma, System Design, NLP, Machine Learning, MLOps, SQL","Competitive Coding, AI Agents",Senior AI/ML Engineer,AI/ML Engineer,Beginner,"Distributed AI/ML Engineer Pipeline, Real-time Chat Application with React, FastAPI Analytics Dashboard",Pair Programming,Weekly Video Calls,Evenings,65,63,88,South Hostel,3th semester Electrical Engineering student targeting a career as a AI/ML Engineer. Eager to build real-world software and prepare for upcoming campus recruitment.
STU232,Pooja Joshi,20,Female,Electrical Engineering,4,7.95,"FastAPI, GitHub, Python, AWS, Docker","Open Source, Cloud Deployment",Senior DevOps Engineer,DevOps Engineer,Advanced,"Automated Testing and CI/CD Pipeline, Distributed DevOps Engineer Pipeline, Machine Learning Classifier on Kaggle",Pair Programming,Flexible Office Hours,Evenings,86,87,58,Tech Hub Wing,4th semester Electrical Engineering student targeting a career as a DevOps Engineer. Eager to build real-world software and prepare for upcoming campus recruitment.
STU233,Advaith Singh,20,Male,Electrical Engineering,8,6.62,"MongoDB, Python, GCP, Data Analysis, Machine Learning, SQL, Deep Learning","Cloud Deployment, Mobile Apps, System Scalability, Web3",Data Scientist Specialist,Data Scientist,Advanced,MongoDB Analytics Dashboard,Step-by-step Guidance,Chat & Code Reviews,Moderate (2 hrs/week),87,63,57,South Hostel,8th semester Electrical Engineering student targeting a career as a Data Scientist. Eager to build real-world software and prepare for upcoming campus recruitment.
STU234,Sneha Kothari,21,Female,Computer Science Engineering,3,8.63,"Data Structures, DevOps, React, Git, SQL, Docker","Generative AI, Web3",Senior Software Engineer,Software Engineer,Advanced,"Machine Learning Classifier on Kaggle, Portfolio Website and REST API",Step-by-step Guidance,Weekly Video Calls,Weekends Only,52,54,55,South Hostel,3th semester Computer Science Engineering student targeting a career as a Software Engineer. Eager to build real-world software and prepare for upcoming campus recruitment.
STU235,Deepak Patel,20,Male,Artificial Intelligence & Data Science,4,6.82,"Python, LLMs, Data Analysis, Machine Learning, Deep Learning","Robotics, Open Source",Researcher Specialist,Researcher,Beginner,"Distributed Researcher Pipeline, Automated Testing and CI/CD Pipeline",Pair Programming,Bi-weekly Mentorship,Moderate (2 hrs/week),84,79,51,Off-Campus,4th semester Artificial Intelligence & Data Science student targeting a career as a Researcher. Eager to build real-world software and prepare for upcoming campus recruitment.
STU236,Ayaan Verma,19,Male,Mechanical Engineering,7,6.7,"Tableau, Machine Learning, Git, SQL","Open Source, Competitive Coding, System Scalability, Generative AI",Senior Data Scientist,Data Scientist,Intermediate,"Automated Testing and CI/CD Pipeline, Real-time Chat Application with FastAPI",Step-by-step Guidance,Weekly Video Calls,Moderate (2 hrs/week),78,81,53,Off-Campus,7th semester Mechanical Engineering student targeting a career as a Data Scientist. Eager to build real-world software and prepare for upcoming campus recruitment.
STU237,Riya Agarwal,20,Female,Information Technology,7,9.62,"Communication, JavaScript, CI/CD, Tableau, DevOps, Git, Docker","Web3, Cloud Deployment, Competitive Coding",DevOps Engineer Specialist,DevOps Engineer,Intermediate,"Portfolio Website and REST API, Automated Testing and CI/CD Pipeline, Distributed DevOps Engineer Pipeline",Pair Programming,Bi-weekly Mentorship,Moderate (2 hrs/week),60,55,75,North Campus,7th semester Information Technology student targeting a career as a DevOps Engineer. Eager to build real-world software and prepare for upcoming campus recruitment.
STU238,Vivaan Bhattacharya,23,Male,Mechanical Engineering,5,7.03,"Cybersecurity, Communication, Figma, SQL, UI/UX, Product Management","Web3, Generative AI, Cloud Deployment, System Scalability",Product Manager Specialist,Product Manager,Advanced,"Real-time Chat Application with Node.js, Machine Learning Classifier on Kaggle",Discussion & Case Studies,Weekly Video Calls,High (3-4 hrs/week),66,83,42,Off-Campus,5th semester Mechanical Engineering student targeting a career as a Product Manager. Eager to build real-world software and prepare for upcoming campus recruitment.
STU239,Priya Kothari,19,Female,Computer Science Engineering,7,9.62,"Prompt Engineering, JavaScript, Power BI, Tableau, SQL","Mobile Apps, Open Source, Cloud Deployment",Senior Data Analyst,Data Analyst,Advanced,Machine Learning Classifier on Kaggle,Step-by-step Guidance,Flexible Office Hours,Moderate (2 hrs/week),90,63,48,South Hostel,7th semester Computer Science Engineering student targeting a career as a Data Analyst. Eager to build real-world software and prepare for upcoming campus recruitment.
STU240,Ananya Joshi,22,Female,Artificial Intelligence & Data Science,7,8.74,"Python, System Design, DevOps, Machine Learning, Research, SQL, Docker","AI Agents, Fintech, Web3, Competitive Coding",Senior Software Engineer,Software Engineer,Intermediate,"Python Analytics Dashboard, Portfolio Website and REST API",Conceptual / Theory First,Bi-weekly Mentorship,High (3-4 hrs/week),88,94,44,North Campus,7th semester Artificial Intelligence & Data Science student targeting a career as a Software Engineer. Eager to build real-world software and prepare for upcoming campus recruitment.
STU241,Ishaan Nair,23,Male,Computer Science Engineering,8,6.99,"Python, Power BI, Data Analysis, Git, Research, Deep Learning","Robotics, Web3, Generative AI",Data Scientist Specialist,Data Scientist,Intermediate,"Portfolio Website and REST API, Real-time Chat Application with React, Automated Testing and CI/CD Pipeline",Pair Programming,Bi-weekly Mentorship,Evenings,57,54,41,Tech Hub Wing,8th semester Computer Science Engineering student targeting a career as a Data Scientist. Eager to build real-world software and prepare for upcoming campus recruitment.
STU242,Myra Reddy,20,Female,Electrical Engineering,4,9.46,"Python, Java, NLP, Git, Docker","Fintech, Web3, Open Source",Senior Software Engineer,Software Engineer,Advanced,Distributed Software Engineer Pipeline,Conceptual / Theory First,Weekly Video Calls,High (3-4 hrs/week),55,95,74,North Campus,4th semester Electrical Engineering student targeting a career as a Software Engineer. Eager to build real-world software and prepare for upcoming campus recruitment.
STU243,Ananya Agarwal,23,Female,Information Technology,6,7.36,"Python, Power BI, Computer Vision, Tableau, DevOps, Machine Learning, SQL","Fintech, Cloud Deployment, Generative AI, System Scalability",Senior Data Scientist,Data Scientist,Intermediate,Portfolio Website and REST API,Discussion & Case Studies,Bi-weekly Mentorship,Weekends Only,54,79,60,Tech Hub Wing,6th semester Information Technology student targeting a career as a Data Scientist. Eager to build real-world software and prepare for upcoming campus recruitment.
STU244,Kabir Pandey,19,Male,Electrical Engineering,8,6.99,"Kubernetes, CI/CD, DevOps, Git, Deep Learning","AI Agents, Cloud Deployment, Fintech, Generative AI",DevOps Engineer Specialist,DevOps Engineer,Intermediate,Real-time Chat Application with Node.js,Discussion & Case Studies,Weekly Video Calls,High (Flexible),84,64,68,South Hostel,8th semester Electrical Engineering student targeting a career as a DevOps Engineer. Eager to build real-world software and prepare for upcoming campus recruitment.
STU245,Deepak Nair,21,Male,Information Technology,3,6.78,"Figma, Communication, RAG, UI/UX, Power BI","Mobile Apps, Robotics",Product Manager Specialist,Product Manager,Beginner,"Figma Analytics Dashboard, Real-time Chat Application with Node.js",Pair Programming,Bi-weekly Mentorship,Evenings,90,77,63,North Campus,3th semester Information Technology student targeting a career as a Product Manager. Eager to build real-world software and prepare for upcoming campus recruitment.
STU246,Advik Mishra,22,Male,Electronics & Communication,8,9.78,"Communication, Figma, SQL, UI/UX, AWS, Product Management","Web3, AI Agents, Mobile Apps",Senior Product Manager,Product Manager,Beginner,"Portfolio Website and REST API, Real-time Chat Application with React",Conceptual / Theory First,Flexible Office Hours,Evenings,82,74,45,South Hostel,8th semester Electronics & Communication student targeting a career as a Product Manager. Eager to build real-world software and prepare for upcoming campus recruitment.
STU247,Atharva Singh,20,Male,Electronics & Communication,5,8.33,"FastAPI, Generative AI, LLMs, MLOps, Java","Open Source, Fintech",AI Engineer Specialist,AI Engineer,Intermediate,"Portfolio Website and REST API, Real-time Chat Application with React, Automated Testing and CI/CD Pipeline",Step-by-step Guidance,Weekly Video Calls,High (3-4 hrs/week),85,90,70,North Campus,5th semester Electronics & Communication student targeting a career as a AI Engineer. Eager to build real-world software and prepare for upcoming campus recruitment.
STU248,Ankit Nair,19,Male,Electronics & Communication,3,8.48,"Generative AI, Kubernetes, Linux, System Design, Power BI, AWS, DevOps","Fintech, Open Source",Cloud Engineer Specialist,Cloud Engineer,Advanced,"Distributed Cloud Engineer Pipeline, Real-time Chat Application with Node.js, Portfolio Website and REST API",Pair Programming,Bi-weekly Mentorship,Evenings,48,59,60,Off-Campus,3th semester Electronics & Communication student targeting a career as a Cloud Engineer. Eager to build real-world software and prepare for upcoming campus recruitment.
STU249,Vihaan Reddy,21,Male,Artificial Intelligence & Data Science,7,8.61,"FastAPI, GitHub, System Design, Computer Vision, Machine Learning, MLOps, Deep Learning","Mobile Apps, Cloud Deployment, Competitive Coding",AI/ML Engineer Specialist,AI/ML Engineer,Beginner,"Automated Testing and CI/CD Pipeline, Portfolio Website and REST API",Conceptual / Theory First,Async & Weekly Sync,Moderate (2 hrs/week),45,58,73,South Hostel,7th semester Artificial Intelligence & Data Science student targeting a career as a AI/ML Engineer. Eager to build real-world software and prepare for upcoming campus recruitment.
STU250,Navya Iyer,21,Female,Information Technology,7,8.52,"Communication, JavaScript, Figma, Design Systems, UI/UX, Deep Learning","Web3, Mobile Apps",UI/UX Designer Specialist,UI/UX Designer,Intermediate,"Machine Learning Classifier on Kaggle, Real-time Chat Application with Node.js, Distributed UI/UX Designer Pipeline",Hands-on Projects,Async & Weekly Sync,Moderate (2 hrs/week),89,73,48,South Hostel,7th semester Information Technology student targeting a career as a UI/UX Designer. Eager to build real-world software and prepare for upcoming campus recruitment.
STU251,Pooja Gupta,19,Female,Mechanical Engineering,4,7.51,"FastAPI, Research, React, Git","Generative AI, System Scalability, Cloud Deployment",Senior Full Stack Developer,Full Stack Developer,Beginner,"FastAPI Analytics Dashboard, Real-time Chat Application with React",Hands-on Projects,Bi-weekly Mentorship,High (3-4 hrs/week),87,82,77,North Campus,4th semester Mechanical Engineering student targeting a career as a Full Stack Developer. Eager to build real-world software and prepare for upcoming campus recruitment.
STU252,Sai Kothari,20,Male,Electrical Engineering,4,8.44,"FastAPI, Kubernetes, JavaScript, Algorithms, LLMs, React, Node.js","Open Source, AI Agents, System Scalability",Senior Full Stack Developer,Full Stack Developer,Advanced,Machine Learning Classifier on Kaggle,Conceptual / Theory First,Bi-weekly Mentorship,Moderate (2 hrs/week),81,54,46,North Campus,4th semester Electrical Engineering student targeting a career as a Full Stack Developer. Eager to build real-world software and prepare for upcoming campus recruitment.
STU253,Karan Patel,20,Male,Information Technology,7,9.31,"Communication, UI/UX, Product Management, SQL, Data Analysis","AI Agents, System Scalability",Senior Product Manager,Product Manager,Intermediate,Machine Learning Classifier on Kaggle,Step-by-step Guidance,Bi-weekly Mentorship,Weekends Only,52,70,47,North Campus,7th semester Information Technology student targeting a career as a Product Manager. Eager to build real-world software and prepare for upcoming campus recruitment.
STU254,Reyansh Rao,22,Male,Electronics & Communication,3,7.77,"MongoDB, Communication, UI/UX, Public Speaking, Leadership","Web3, Mobile Apps",Product Manager Specialist,Product Manager,Beginner,Automated Testing and CI/CD Pipeline,Discussion & Case Studies,Async & Weekly Sync,High (3-4 hrs/week),45,93,71,South Hostel,3th semester Electronics & Communication student targeting a career as a Product Manager. Eager to build real-world software and prepare for upcoming campus recruitment.
STU255,Kiara Bose,21,Female,Mechanical Engineering,7,9.73,"MongoDB, RAG, Machine Learning, Research, Deep Learning","Cloud Deployment, System Scalability, Robotics",Researcher Specialist,Researcher,Advanced,"Machine Learning Classifier on Kaggle, Real-time Chat Application with FastAPI, Automated Testing and CI/CD Pipeline",Step-by-step Guidance,Flexible Office Hours,Evenings,76,67,88,Tech Hub Wing,7th semester Mechanical Engineering student targeting a career as a Researcher. Eager to build real-world software and prepare for upcoming campus recruitment.
STU256,Navya Nair,22,Female,Information Technology,6,6.86,"Data Structures, Data Analysis, React, Java, Docker, Node.js","Generative AI, Open Source, Robotics, Fintech",Software Engineer Specialist,Software Engineer,Advanced,"Data Structures Analytics Dashboard, Portfolio Website and REST API, Automated Testing and CI/CD Pipeline",Conceptual / Theory First,Bi-weekly Mentorship,Evenings,65,59,59,Tech Hub Wing,6th semester Information Technology student targeting a career as a Software Engineer. Eager to build real-world software and prepare for upcoming campus recruitment.
STU257,Navya Nair,20,Female,Electrical Engineering,5,9.17,"JavaScript, Design Systems, UI/UX, System Design","Web3, Generative AI, AI Agents",UI/UX Designer Specialist,UI/UX Designer,Beginner,"Distributed UI/UX Designer Pipeline, Automated Testing and CI/CD Pipeline, Machine Learning Classifier on Kaggle",Pair Programming,Chat & Code Reviews,Evenings,80,92,89,North Campus,5th semester Electrical Engineering student targeting a career as a UI/UX Designer. Eager to build real-world software and prepare for upcoming campus recruitment.
STU258,Siya Deshmukh,21,Female,Electronics & Communication,8,8.33,"Communication, Design Systems, Figma, UI/UX, LLMs, Data Analysis","Competitive Coding, Mobile Apps, Fintech",UI/UX Designer Specialist,UI/UX Designer,Intermediate,Real-time Chat Application with React,Discussion & Case Studies,Async & Weekly Sync,Weekends Only,48,51,77,Tech Hub Wing,8th semester Electronics & Communication student targeting a career as a UI/UX Designer. Eager to build real-world software and prepare for upcoming campus recruitment.
STU259,Muhammad Das,22,Male,Artificial Intelligence & Data Science,5,7.86,"FastAPI, GitHub, NLP, Machine Learning, Node.js","Open Source, Generative AI, Mobile Apps",AI Engineer Specialist,AI Engineer,Beginner,"Automated Testing and CI/CD Pipeline, Real-time Chat Application with FastAPI, FastAPI Analytics Dashboard",Discussion & Case Studies,Async & Weekly Sync,Weekends Only,74,92,67,Tech Hub Wing,5th semester Artificial Intelligence & Data Science student targeting a career as a AI Engineer. Eager to build real-world software and prepare for upcoming campus recruitment.
STU260,Siya Bose,21,Female,Artificial Intelligence & Data Science,7,6.82,"Prompt Engineering, Communication, Figma, Public Speaking, Leadership, Data Analysis","Mobile Apps, Robotics, System Scalability",Senior Product Manager,Product Manager,Intermediate,"Real-time Chat Application with React, Prompt Engineering Analytics Dashboard",Discussion & Case Studies,Chat & Code Reviews,Moderate (2 hrs/week),85,54,74,North Campus,7th semester Artificial Intelligence & Data Science student targeting a career as a Product Manager. Eager to build real-world software and prepare for upcoming campus recruitment.
STU261,Rahul Pillai,23,Male,Electrical Engineering,3,8.45,"Git, GitHub, Communication, Data Structures, Algorithms, Power BI, Java, Docker","AI Agents, Mobile Apps, System Scalability, Web3",Senior Software Engineer,Software Engineer,Intermediate,"Machine Learning Classifier on Kaggle, Distributed Software Engineer Pipeline, Git Analytics Dashboard",Conceptual / Theory First,Flexible Office Hours,Evenings,61,89,72,South Hostel,3th semester Electrical Engineering student targeting a career as a Software Engineer. Eager to build real-world software and prepare for upcoming campus recruitment.
STU262,Sneha Menon,22,Female,Mechanical Engineering,6,7.38,"Cybersecurity, Python, Data Structures, Power BI, Tableau, SQL","Open Source, System Scalability, Competitive Coding",Data Analyst Specialist,Data Analyst,Advanced,"Cybersecurity Analytics Dashboard, Distributed Data Analyst Pipeline",Pair Programming,Bi-weekly Mentorship,Moderate (2 hrs/week),88,69,67,Off-Campus,6th semester Mechanical Engineering student targeting a career as a Data Analyst. Eager to build real-world software and prepare for upcoming campus recruitment.
STU263,Neha Bansal,19,Female,Information Technology,6,7.29,"Deep Learning, MongoDB, Communication, JavaScript, Git, Data Analysis","Fintech, Open Source",Senior Data Scientist,Data Scientist,Beginner,Portfolio Website and REST API,Step-by-step Guidance,Async & Weekly Sync,High (3-4 hrs/week),61,67,82,North Campus,6th semester Information Technology student targeting a career as a Data Scientist. Eager to build real-world software and prepare for upcoming campus recruitment.
STU264,Ananya Bansal,20,Female,Artificial Intelligence & Data Science,3,9.47,"Cybersecurity, Python, Linux, Communication, Generative AI, SQL","AI Agents, Cloud Deployment, Fintech, System Scalability",Cybersecurity Analyst Specialist,Cybersecurity Analyst,Beginner,"Machine Learning Classifier on Kaggle, Automated Testing and CI/CD Pipeline",Step-by-step Guidance,Weekly Video Calls,Moderate (2 hrs/week),60,88,47,North Campus,3th semester Artificial Intelligence & Data Science student targeting a career as a Cybersecurity Analyst. Eager to build real-world software and prepare for upcoming campus recruitment.
STU265,Shaurya Kumar,21,Male,Artificial Intelligence & Data Science,6,7.85,"Kubernetes, Linux, AWS, GCP, DevOps, Git","Mobile Apps, Web3",Senior DevOps Engineer,DevOps Engineer,Advanced,"Kubernetes Analytics Dashboard, Portfolio Website and REST API, Distributed DevOps Engineer Pipeline",Discussion & Case Studies,Chat & Code Reviews,Weekends Only,68,69,41,Off-Campus,6th semester Artificial Intelligence & Data Science student targeting a career as a DevOps Engineer. Eager to build real-world software and prepare for upcoming campus recruitment.
STU266,Neha Patel,19,Female,Electrical Engineering,4,9.33,"Python, Communication, AWS, Networking, Computer Vision, Cybersecurity","Mobile Apps, Robotics, Generative AI",Senior Cybersecurity Analyst,Cybersecurity Analyst,Intermediate,"Real-time Chat Application with FastAPI, Automated Testing and CI/CD Pipeline",Conceptual / Theory First,Bi-weekly Mentorship,High (Flexible),50,81,70,North Campus,4th semester Electrical Engineering student targeting a career as a Cybersecurity Analyst. Eager to build real-world software and prepare for upcoming campus recruitment.
STU267,Saanvi Das,21,Female,Electrical Engineering,8,9.18,"Python, NLP, Machine Learning, Research, Deep Learning","System Scalability, Fintech, Mobile Apps",Senior Researcher,Researcher,Advanced,"Portfolio Website and REST API, Distributed Researcher Pipeline, Automated Testing and CI/CD Pipeline",Step-by-step Guidance,Chat & Code Reviews,Moderate (2 hrs/week),50,57,50,Off-Campus,8th semester Electrical Engineering student targeting a career as a Researcher. Eager to build real-world software and prepare for upcoming campus recruitment.
STU268,Shaurya Deshmukh,23,Male,Electrical Engineering,5,9.14,"FastAPI, Java, MLOps, Git, Azure, Docker, Node.js","Competitive Coding, System Scalability, Cloud Deployment, AI Agents",Senior Full Stack Developer,Full Stack Developer,Beginner,"Machine Learning Classifier on Kaggle, Automated Testing and CI/CD Pipeline",Pair Programming,Weekly Video Calls,High (3-4 hrs/week),61,94,50,Off-Campus,5th semester Electrical Engineering student targeting a career as a Full Stack Developer. Eager to build real-world software and prepare for upcoming campus recruitment.
STU269,Ishaan Agarwal,20,Male,Computer Science Engineering,3,8.87,"Communication, Linux, SQL, AWS, Cybersecurity","Fintech, Competitive Coding",Cybersecurity Analyst Specialist,Cybersecurity Analyst,Advanced,Machine Learning Classifier on Kaggle,Pair Programming,Weekly Video Calls,Evenings,76,74,48,South Hostel,3th semester Computer Science Engineering student targeting a career as a Cybersecurity Analyst. Eager to build real-world software and prepare for upcoming campus recruitment.
STU270,Isha Trivedi,21,Female,Information Technology,3,7.46,"FastAPI, Python, System Design, Public Speaking, SQL, Docker","Open Source, Mobile Apps, Robotics",Senior Software Engineer,Software Engineer,Advanced,"Portfolio Website and REST API, Machine Learning Classifier on Kaggle",Hands-on Projects,Async & Weekly Sync,High (Flexible),58,95,64,North Campus,3th semester Information Technology student targeting a career as a Software Engineer. Eager to build real-world software and prepare for upcoming campus recruitment.
STU271,Vihaan Rao,19,Male,Information Technology,6,9.5,"GitHub, Figma, Linux, CI/CD, AWS, Git, Docker","Mobile Apps, Open Source, Generative AI, Fintech",DevOps Engineer Specialist,DevOps Engineer,Beginner,"Automated Testing and CI/CD Pipeline, Distributed DevOps Engineer Pipeline",Pair Programming,Flexible Office Hours,Evenings,61,60,72,South Hostel,6th semester Information Technology student targeting a career as a DevOps Engineer. Eager to build real-world software and prepare for upcoming campus recruitment.
STU272,Aaryan Patel,20,Male,Artificial Intelligence & Data Science,3,9.73,"Docker, Communication, System Design, Public Speaking, Tableau, SQL, Data Analysis","Open Source, Mobile Apps, Web3",Product Manager Specialist,Product Manager,Beginner,Distributed Product Manager Pipeline,Hands-on Projects,Weekly Video Calls,Moderate (2 hrs/week),80,92,80,North Campus,3th semester Artificial Intelligence & Data Science student targeting a career as a Product Manager. Eager to build real-world software and prepare for upcoming campus recruitment.
STU273,Sara Nair,23,Female,Information Technology,8,8.04,"Deep Learning, Python, Public Speaking, Data Analysis, Machine Learning, MLOps, Docker","Open Source, Cloud Deployment, Mobile Apps, Generative AI",AI/ML Engineer Specialist,AI/ML Engineer,Beginner,"Real-time Chat Application with FastAPI, Machine Learning Classifier on Kaggle, Distributed AI/ML Engineer Pipeline",Hands-on Projects,Flexible Office Hours,High (Flexible),63,61,50,South Hostel,8th semester Information Technology student targeting a career as a AI/ML Engineer. Eager to build real-world software and prepare for upcoming campus recruitment.
STU274,Isha Kothari,21,Female,Computer Science Engineering,4,9.04,"Data Structures, Django, Power BI, Tableau, SQL, LLMs","Open Source, Generative AI, Cloud Deployment",Senior Data Analyst,Data Analyst,Intermediate,"Real-time Chat Application with Node.js, Machine Learning Classifier on Kaggle, Data Structures Analytics Dashboard",Hands-on Projects,Flexible Office Hours,Evenings,90,92,70,Off-Campus,4th semester Computer Science Engineering student targeting a career as a Data Analyst. Eager to build real-world software and prepare for upcoming campus recruitment.
STU275,Karan Mishra,19,Male,Electrical Engineering,4,7.2,"Python, Figma, AWS, Machine Learning, Docker","Open Source, System Scalability, Robotics",AI Engineer Specialist,AI Engineer,Beginner,"Real-time Chat Application with Node.js, Distributed AI Engineer Pipeline",Pair Programming,Chat & Code Reviews,Evenings,46,63,50,Off-Campus,4th semester Electrical Engineering student targeting a career as a AI Engineer. Eager to build real-world software and prepare for upcoming campus recruitment.
STU276,Neha Bansal,20,Female,Information Technology,5,8.7,"FastAPI, Communication, Linux, System Design, RAG, GCP, Git","Mobile Apps, Open Source, Robotics",Cloud Engineer Specialist,Cloud Engineer,Advanced,"Automated Testing and CI/CD Pipeline, Distributed Cloud Engineer Pipeline",Step-by-step Guidance,Flexible Office Hours,High (Flexible),72,55,42,North Campus,5th semester Information Technology student targeting a career as a Cloud Engineer. Eager to build real-world software and prepare for upcoming campus recruitment.
STU277,Kabir Choudhury,23,Male,Electronics & Communication,3,9.49,"Generative AI, Figma, Communication, UI/UX, Leadership, Git","AI Agents, Cloud Deployment",Senior Product Manager,Product Manager,Beginner,"Generative AI Analytics Dashboard, Automated Testing and CI/CD Pipeline",Pair Programming,Bi-weekly Mentorship,Weekends Only,77,56,72,North Campus,3th semester Electronics & Communication student targeting a career as a Product Manager. Eager to build real-world software and prepare for upcoming campus recruitment.
STU278,Deepak Malhotra,23,Male,Computer Science Engineering,3,8.94,"GitHub, Figma, System Design, Public Speaking, Product Management","Web3, Competitive Coding, Fintech, Open Source",Senior Product Manager,Product Manager,Beginner,"Real-time Chat Application with FastAPI, GitHub Analytics Dashboard, Automated Testing and CI/CD Pipeline",Hands-on Projects,Async & Weekly Sync,Evenings,58,61,45,North Campus,3th semester Computer Science Engineering student targeting a career as a Product Manager. Eager to build real-world software and prepare for upcoming campus recruitment.
STU279,Aarav Singh,20,Male,Mechanical Engineering,6,8.02,"GitHub, Communication, Linux, System Design, Figma, Cybersecurity, Networking, SQL","Open Source, Competitive Coding",Cybersecurity Analyst Specialist,Cybersecurity Analyst,Beginner,GitHub Analytics Dashboard,Step-by-step Guidance,Weekly Video Calls,Moderate (2 hrs/week),57,57,41,Tech Hub Wing,6th semester Mechanical Engineering student targeting a career as a Cybersecurity Analyst. Eager to build real-world software and prepare for upcoming campus recruitment.
STU280,Rohan Pillai,22,Male,Electrical Engineering,4,6.78,"UI/UX, Public Speaking, Product Management, Leadership, Research, SQL, Data Analysis","Web3, System Scalability",Senior Product Manager,Product Manager,Beginner,"UI/UX Analytics Dashboard, Portfolio Website and REST API",Step-by-step Guidance,Chat & Code Reviews,High (Flexible),63,86,65,Off-Campus,4th semester Electrical Engineering student targeting a career as a Product Manager. Eager to build real-world software and prepare for upcoming campus recruitment.
STU281,Aditya Bhattacharya,22,Male,Electronics & Communication,6,8.19,"Python, Communication, NLP, Machine Learning, Research, Deep Learning","Mobile Apps, AI Agents, Cloud Deployment, Open Source",Researcher Specialist,Researcher,Advanced,"Portfolio Website and REST API, Real-time Chat Application with Node.js, Automated Testing and CI/CD Pipeline",Hands-on Projects,Weekly Video Calls,Weekends Only,71,80,47,South Hostel,6th semester Electronics & Communication student targeting a career as a Researcher. Eager to build real-world software and prepare for upcoming campus recruitment.
STU282,Sara Joshi,20,Female,Electronics & Communication,4,8.18,"Cybersecurity, Python, CI/CD, UI/UX, AWS, Git, Product Management","Open Source, System Scalability, Fintech",DevOps Engineer Specialist,DevOps Engineer,Advanced,Distributed DevOps Engineer Pipeline,Conceptual / Theory First,Flexible Office Hours,Evenings,92,55,82,North Campus,4th semester Electronics & Communication student targeting a career as a DevOps Engineer. Eager to build real-world software and prepare for upcoming campus recruitment.
STU283,Isha Bhattacharya,21,Female,Artificial Intelligence & Data Science,4,7.19,"FastAPI, Generative AI, Docker, JavaScript, Data Structures, Deep Learning, Node.js","Cloud Deployment, System Scalability, Competitive Coding",AI Engineer Specialist,AI Engineer,Advanced,"FastAPI Analytics Dashboard, Machine Learning Classifier on Kaggle",Conceptual / Theory First,Flexible Office Hours,High (Flexible),59,81,56,North Campus,4th semester Artificial Intelligence & Data Science student targeting a career as a AI Engineer. Eager to build real-world software and prepare for upcoming campus recruitment.
STU284,Rahul Verma,19,Male,Electronics & Communication,6,9.68,"Cybersecurity, Python, Machine Learning, AWS, Computer Vision, MLOps, SQL","Fintech, Web3",AI/ML Engineer Specialist,AI/ML Engineer,Advanced,"Real-time Chat Application with FastAPI, Distributed AI/ML Engineer Pipeline",Conceptual / Theory First,Chat & Code Reviews,Evenings,76,56,49,North Campus,6th semester Electronics & Communication student targeting a career as a AI/ML Engineer. Eager to build real-world software and prepare for upcoming campus recruitment.
STU285,Advaith Menon,20,Male,Electronics & Communication,5,7.45,"Algorithms, Power BI, Tableau, NLP, Git","Robotics, System Scalability, Open Source, Competitive Coding",Senior Data Scientist,Data Scientist,Intermediate,"Real-time Chat Application with FastAPI, Algorithms Analytics Dashboard, Automated Testing and CI/CD Pipeline",Hands-on Projects,Flexible Office Hours,High (3-4 hrs/week),71,76,69,North Campus,5th semester Electronics & Communication student targeting a career as a Data Scientist. Eager to build real-world software and prepare for upcoming campus recruitment.
STU286,Diya Rao,22,Female,Electronics & Communication,4,7.93,"Cybersecurity, Python, Tableau, System Design, Product Management, Networking, Git, SQL","AI Agents, Fintech, Mobile Apps",Cybersecurity Analyst Specialist,Cybersecurity Analyst,Intermediate,Portfolio Website and REST API,Step-by-step Guidance,Weekly Video Calls,High (Flexible),45,67,73,Tech Hub Wing,4th semester Electronics & Communication student targeting a career as a Cybersecurity Analyst. Eager to build real-world software and prepare for upcoming campus recruitment.
STU287,Pooja Joshi,19,Female,Mechanical Engineering,6,9.06,"Communication, Algorithms, AWS, DevOps, Git, SQL, Docker","AI Agents, Competitive Coding",Senior Software Engineer,Software Engineer,Intermediate,Communication Analytics Dashboard,Discussion & Case Studies,Flexible Office Hours,Weekends Only,78,71,88,South Hostel,6th semester Mechanical Engineering student targeting a career as a Software Engineer. Eager to build real-world software and prepare for upcoming campus recruitment.
STU288,Deepak Reddy,21,Male,Mechanical Engineering,6,9.76,"FastAPI, GitHub, Python, Machine Learning, Computer Vision, Leadership, Docker","Generative AI, Web3, Mobile Apps, Cloud Deployment",AI/ML Engineer Specialist,AI/ML Engineer,Advanced,"Machine Learning Classifier on Kaggle, Portfolio Website and REST API, Distributed AI/ML Engineer Pipeline",Pair Programming,Bi-weekly Mentorship,High (Flexible),82,86,85,South Hostel,6th semester Mechanical Engineering student targeting a career as a AI/ML Engineer. Eager to build real-world software and prepare for upcoming campus recruitment.
STU289,Rahul Bose,23,Male,Electrical Engineering,8,7.32,"DevOps, Communication, System Design, Azure","Cloud Deployment, Competitive Coding, Generative AI",Cloud Engineer Specialist,Cloud Engineer,Intermediate,Real-time Chat Application with Node.js,Step-by-step Guidance,Flexible Office Hours,High (Flexible),53,80,53,Tech Hub Wing,8th semester Electrical Engineering student targeting a career as a Cloud Engineer. Eager to build real-world software and prepare for upcoming campus recruitment.
STU290,Aaryan Agarwal,20,Male,Electronics & Communication,8,7.9,"Deep Learning, Figma, UI/UX, Public Speaking, SQL, Data Analysis","AI Agents, Competitive Coding",Product Manager Specialist,Product Manager,Beginner,Portfolio Website and REST API,Discussion & Case Studies,Bi-weekly Mentorship,High (3-4 hrs/week),89,63,69,Tech Hub Wing,8th semester Electronics & Communication student targeting a career as a Product Manager. Eager to build real-world software and prepare for upcoming campus recruitment.
STU291,Sai Patel,23,Male,Artificial Intelligence & Data Science,7,7.46,"Communication, Design Systems, Figma, NLP, React, Java","Competitive Coding, Robotics",Senior UI/UX Designer,UI/UX Designer,Beginner,"Automated Testing and CI/CD Pipeline, Communication Analytics Dashboard, Machine Learning Classifier on Kaggle",Pair Programming,Async & Weekly Sync,High (3-4 hrs/week),64,68,53,Tech Hub Wing,7th semester Artificial Intelligence & Data Science student targeting a career as a UI/UX Designer. Eager to build real-world software and prepare for upcoming campus recruitment.
STU292,Sara Agarwal,20,Female,Artificial Intelligence & Data Science,7,7.99,"Python, Kubernetes, Public Speaking, NLP, GCP, Leadership, Git","Mobile Apps, Cloud Deployment, Robotics, System Scalability",Cloud Engineer Specialist,Cloud Engineer,Beginner,"Automated Testing and CI/CD Pipeline, Real-time Chat Application with React, Python Analytics Dashboard",Hands-on Projects,Flexible Office Hours,Weekends Only,70,71,74,North Campus,7th semester Artificial Intelligence & Data Science student targeting a career as a Cloud Engineer. Eager to build real-world software and prepare for upcoming campus recruitment.
STU293,Vikram Kapoor,22,Male,Computer Science Engineering,4,9.65,"Communication, Design Systems, Figma, Power BI, Java","AI Agents, Open Source",UI/UX Designer Specialist,UI/UX Designer,Beginner,"Automated Testing and CI/CD Pipeline, Communication Analytics Dashboard, Real-time Chat Application with FastAPI",Discussion & Case Studies,Async & Weekly Sync,Evenings,62,63,55,North Campus,4th semester Computer Science Engineering student targeting a career as a UI/UX Designer. Eager to build real-world software and prepare for upcoming campus recruitment.
STU294,Diya Das,23,Female,Information Technology,6,6.58,"Communication, Design Systems, UI/UX, React, Git","Open Source, Fintech",Senior UI/UX Designer,UI/UX Designer,Beginner,Communication Analytics Dashboard,Pair Programming,Weekly Video Calls,High (3-4 hrs/week),54,69,66,North Campus,6th semester Information Technology student targeting a career as a UI/UX Designer. Eager to build real-world software and prepare for upcoming campus recruitment.
STU295,Ritvik Bose,19,Male,Computer Science Engineering,5,6.97,"GCP, Python, AWS, LLMs, Data Analysis, Docker","AI Agents, Robotics, Cloud Deployment, Open Source",Senior Cloud Engineer,Cloud Engineer,Beginner,Automated Testing and CI/CD Pipeline,Step-by-step Guidance,Weekly Video Calls,High (3-4 hrs/week),65,79,75,Off-Campus,5th semester Computer Science Engineering student targeting a career as a Cloud Engineer. Eager to build real-world software and prepare for upcoming campus recruitment.
STU296,Tanvi Agarwal,22,Female,Mechanical Engineering,3,7.31,"FastAPI, Communication, JavaScript, Power BI, React","Open Source, Mobile Apps",UI/UX Designer Specialist,UI/UX Designer,Advanced,"Automated Testing and CI/CD Pipeline, FastAPI Analytics Dashboard, Machine Learning Classifier on Kaggle",Discussion & Case Studies,Bi-weekly Mentorship,Moderate (2 hrs/week),55,65,74,North Campus,3th semester Mechanical Engineering student targeting a career as a UI/UX Designer. Eager to build real-world software and prepare for upcoming campus recruitment.
STU297,Vihaan Kothari,23,Male,Electronics & Communication,5,8.47,"Communication, Data Structures, Power BI, Computer Vision, Data Analysis","AI Agents, Cloud Deployment, Fintech, Generative AI",Senior Data Analyst,Data Analyst,Intermediate,"Real-time Chat Application with FastAPI, Automated Testing and CI/CD Pipeline, Distributed Data Analyst Pipeline",Discussion & Case Studies,Bi-weekly Mentorship,Weekends Only,89,57,48,Off-Campus,5th semester Electronics & Communication student targeting a career as a Data Analyst. Eager to build real-world software and prepare for upcoming campus recruitment.
STU298,Ankit Kulkarni,19,Male,Electronics & Communication,5,7.31,"Python, AWS, DevOps, Git","Web3, Generative AI, AI Agents, Mobile Apps",Senior Cloud Engineer,Cloud Engineer,Beginner,"Automated Testing and CI/CD Pipeline, Machine Learning Classifier on Kaggle",Hands-on Projects,Flexible Office Hours,High (3-4 hrs/week),71,85,84,Tech Hub Wing,5th semester Electronics & Communication student targeting a career as a Cloud Engineer. Eager to build real-world software and prepare for upcoming campus recruitment.
STU299,Neha Patel,22,Female,Artificial Intelligence & Data Science,6,9.23,"Python, System Design, AWS, GCP, Azure","Generative AI, Fintech, Mobile Apps, Cloud Deployment",Senior Cloud Engineer,Cloud Engineer,Beginner,Distributed Cloud Engineer Pipeline,Pair Programming,Async & Weekly Sync,Weekends Only,84,90,59,Tech Hub Wing,6th semester Artificial Intelligence & Data Science student targeting a career as a Cloud Engineer. Eager to build real-world software and prepare for upcoming campus recruitment.
STU300,Rahul Kulkarni,19,Male,Electrical Engineering,4,6.52,"MongoDB, Python, Data Structures, RAG, Generative AI, Tableau, Data Analysis","Open Source, Cloud Deployment, Competitive Coding, Mobile Apps",Senior Data Analyst,Data Analyst,Beginner,"Portfolio Website and REST API, Real-time Chat Application with React, Distributed Data Analyst Pipeline",Discussion & Case Studies,Flexible Office Hours,Weekends Only,53,66,76,Tech Hub Wing,4th semester Electrical Engineering student targeting a career as a Data Analyst. Eager to build real-world software and prepare for upcoming campus recruitment.
STU301,Aarav Das,20,Male,Mechanical Engineering,8,9.61,"FastAPI, RAG, Public Speaking, AWS, Tableau, Machine Learning, Data Analysis","AI Agents, Generative AI, System Scalability",AI Engineer Specialist,AI Engineer,Beginner,"FastAPI Analytics Dashboard, Automated Testing and CI/CD Pipeline",Pair Programming,Async & Weekly Sync,High (Flexible),62,76,74,North Campus,8th semester Mechanical Engineering student targeting a career as a AI Engineer. Eager to build real-world software and prepare for upcoming campus recruitment.
STU302,Priya Iyer,19,Female,Mechanical Engineering,6,9.66,"Communication, JavaScript, Java, React, Git, SQL","Mobile Apps, Fintech, System Scalability, Generative AI",Senior Full Stack Developer,Full Stack Developer,Intermediate,"Distributed Full Stack Developer Pipeline, Communication Analytics Dashboard, Automated Testing and CI/CD Pipeline",Step-by-step Guidance,Flexible Office Hours,High (3-4 hrs/week),60,71,43,North Campus,6th semester Mechanical Engineering student targeting a career as a Full Stack Developer. Eager to build real-world software and prepare for upcoming campus recruitment.
STU303,Vihaan Kothari,22,Male,Computer Science Engineering,6,7.53,"Prompt Engineering, Python, Communication, NLP, Machine Learning","Cloud Deployment, Generative AI",Senior Researcher,Researcher,Advanced,Machine Learning Classifier on Kaggle,Conceptual / Theory First,Flexible Office Hours,High (Flexible),48,68,64,North Campus,6th semester Computer Science Engineering student targeting a career as a Researcher. Eager to build real-world software and prepare for upcoming campus recruitment.
STU304,Myra Bose,22,Female,Electronics & Communication,6,9.4,"GitHub, Python, Linux, AWS, Django, Docker","Generative AI, Cloud Deployment",Senior DevOps Engineer,DevOps Engineer,Advanced,"Real-time Chat Application with FastAPI, Portfolio Website and REST API, Automated Testing and CI/CD Pipeline",Discussion & Case Studies,Chat & Code Reviews,Moderate (2 hrs/week),57,86,48,South Hostel,6th semester Electronics & Communication student targeting a career as a DevOps Engineer. Eager to build real-world software and prepare for upcoming campus recruitment.
STU305,Ayaan Trivedi,23,Male,Computer Science Engineering,3,6.92,"GitHub, Python, Linux, Kubernetes, Research, Git","Competitive Coding, Mobile Apps, Fintech",DevOps Engineer Specialist,DevOps Engineer,Intermediate,"Distributed DevOps Engineer Pipeline, GitHub Analytics Dashboard, Portfolio Website and REST API",Discussion & Case Studies,Async & Weekly Sync,Evenings,45,83,77,Off-Campus,3th semester Computer Science Engineering student targeting a career as a DevOps Engineer. Eager to build real-world software and prepare for upcoming campus recruitment.
STU306,Atharva Kumar,20,Male,Mechanical Engineering,4,9.09,"Python, Kubernetes, System Design, Data Structures, DevOps, Product Management","Cloud Deployment, Web3",Senior Cloud Engineer,Cloud Engineer,Beginner,Portfolio Website and REST API,Step-by-step Guidance,Flexible Office Hours,Moderate (2 hrs/week),76,64,40,South Hostel,4th semester Mechanical Engineering student targeting a career as a Cloud Engineer. Eager to build real-world software and prepare for upcoming campus recruitment.
STU307,Sara Mishra,20,Female,Artificial Intelligence & Data Science,8,7.74,"Cybersecurity, Networking, MLOps, Java, SQL","Open Source, Fintech",Senior Cybersecurity Analyst,Cybersecurity Analyst,Intermediate,Cybersecurity Analytics Dashboard,Conceptual / Theory First,Bi-weekly Mentorship,Moderate (2 hrs/week),57,90,77,South Hostel,8th semester Artificial Intelligence & Data Science student targeting a career as a Cybersecurity Analyst. Eager to build real-world software and prepare for upcoming campus recruitment.
STU308,Aaryan Mishra,19,Male,Information Technology,5,9.3,"React, SQL, Deep Learning, Node.js","Cloud Deployment, Mobile Apps, System Scalability",Senior Full Stack Developer,Full Stack Developer,Intermediate,"Distributed Full Stack Developer Pipeline, Machine Learning Classifier on Kaggle, Automated Testing and CI/CD Pipeline",Hands-on Projects,Weekly Video Calls,Moderate (2 hrs/week),74,65,63,South Hostel,5th semester Information Technology student targeting a career as a Full Stack Developer. Eager to build real-world software and prepare for upcoming campus recruitment.
STU309,Atharva Kapoor,22,Male,Electronics & Communication,8,7.74,"GitHub, Linux, DevOps, Git, Docker","Open Source, Mobile Apps, System Scalability",DevOps Engineer Specialist,DevOps Engineer,Beginner,"Automated Testing and CI/CD Pipeline, Distributed DevOps Engineer Pipeline, GitHub Analytics Dashboard",Discussion & Case Studies,Async & Weekly Sync,Moderate (2 hrs/week),85,67,48,Tech Hub Wing,8th semester Electronics & Communication student targeting a career as a DevOps Engineer. Eager to build real-world software and prepare for upcoming campus recruitment.
STU310,Ankit Shah,23,Male,Mechanical Engineering,7,7.74,"Communication, JavaScript, Design Systems, Kubernetes, React, Research","Robotics, Generative AI, System Scalability, Cloud Deployment",UI/UX Designer Specialist,UI/UX Designer,Beginner,"Automated Testing and CI/CD Pipeline, Portfolio Website and REST API",Conceptual / Theory First,Bi-weekly Mentorship,Weekends Only,73,65,65,North Campus,7th semester Mechanical Engineering student targeting a career as a UI/UX Designer. Eager to build real-world software and prepare for upcoming campus recruitment.
STU311,Ayaan Pandey,19,Male,Computer Science Engineering,5,7.97,"Python, System Design, Public Speaking, DevOps, Leadership","Robotics, Mobile Apps, Web3",Senior Cloud Engineer,Cloud Engineer,Intermediate,"Distributed Cloud Engineer Pipeline, Real-time Chat Application with React",Pair Programming,Async & Weekly Sync,Weekends Only,62,74,41,North Campus,5th semester Computer Science Engineering student targeting a career as a Cloud Engineer. Eager to build real-world software and prepare for upcoming campus recruitment.
STU312,Dhruv Kothari,22,Male,Information Technology,3,6.89,"GitHub, Kubernetes, DevOps, Git, Docker","Competitive Coding, Open Source",Senior Cloud Engineer,Cloud Engineer,Advanced,"Real-time Chat Application with React, Portfolio Website and REST API",Step-by-step Guidance,Flexible Office Hours,High (3-4 hrs/week),92,84,56,Tech Hub Wing,3th semester Information Technology student targeting a career as a Cloud Engineer. Eager to build real-world software and prepare for upcoming campus recruitment.
STU313,Vikram Malhotra,20,Male,Information Technology,6,7.25,"FastAPI, Python, Data Structures, Public Speaking, Algorithms, Deep Learning","System Scalability, Robotics, AI Agents",Researcher Specialist,Researcher,Beginner,"Distributed Researcher Pipeline, Machine Learning Classifier on Kaggle",Pair Programming,Async & Weekly Sync,Evenings,73,78,75,Off-Campus,6th semester Information Technology student targeting a career as a Researcher. Eager to build real-world software and prepare for upcoming campus recruitment.
STU314,Diya Iyer,19,Female,Electronics & Communication,6,8.76,"Cybersecurity, Communication, System Design, Networking, SQL, Deep Learning","Mobile Apps, Robotics",Cybersecurity Analyst Specialist,Cybersecurity Analyst,Intermediate,"Distributed Cybersecurity Analyst Pipeline, Automated Testing and CI/CD Pipeline",Pair Programming,Flexible Office Hours,Evenings,58,75,44,Off-Campus,6th semester Electronics & Communication student targeting a career as a Cybersecurity Analyst. Eager to build real-world software and prepare for upcoming campus recruitment.
STU315,Reyansh Singh,21,Male,Computer Science Engineering,8,8.32,"Python, NLP, AWS, LLMs, MLOps, Git, Deep Learning","Fintech, AI Agents",AI Engineer Specialist,AI Engineer,Beginner,Distributed AI Engineer Pipeline,Step-by-step Guidance,Chat & Code Reviews,Moderate (2 hrs/week),74,53,63,North Campus,8th semester Computer Science Engineering student targeting a career as a AI Engineer. Eager to build real-world software and prepare for upcoming campus recruitment.
STU316,Ayaan Kapoor,22,Male,Electronics & Communication,6,8.95,"Python, Communication, Networking, Computer Vision, Research","Competitive Coding, Fintech, System Scalability, AI Agents",Cybersecurity Analyst Specialist,Cybersecurity Analyst,Advanced,Distributed Cybersecurity Analyst Pipeline,Hands-on Projects,Chat & Code Reviews,High (Flexible),88,79,57,South Hostel,6th semester Electronics & Communication student targeting a career as a Cybersecurity Analyst. Eager to build real-world software and prepare for upcoming campus recruitment.
STU317,Meera Rao,22,Female,Electrical Engineering,6,8.02,"GitHub, Python, Linux, Figma, Prompt Engineering, AWS","Robotics, System Scalability",Senior DevOps Engineer,DevOps Engineer,Beginner,"Distributed DevOps Engineer Pipeline, Machine Learning Classifier on Kaggle, GitHub Analytics Dashboard",Hands-on Projects,Weekly Video Calls,Moderate (2 hrs/week),84,77,69,Off-Campus,6th semester Electrical Engineering student targeting a career as a DevOps Engineer. Eager to build real-world software and prepare for upcoming campus recruitment.
STU318,Rohan Kapoor,19,Male,Artificial Intelligence & Data Science,8,9.52,"Cybersecurity, Python, Algorithms, NLP","Cloud Deployment, AI Agents",Researcher Specialist,Researcher,Intermediate,Machine Learning Classifier on Kaggle,Step-by-step Guidance,Async & Weekly Sync,High (3-4 hrs/week),71,78,50,Tech Hub Wing,8th semester Artificial Intelligence & Data Science student targeting a career as a Researcher. Eager to build real-world software and prepare for upcoming campus recruitment.
STU319,Pari Rao,19,Female,Mechanical Engineering,6,9.32,"Cybersecurity, Python, Public Speaking, Networking, SQL, Data Analysis, Node.js","AI Agents, System Scalability",Senior Cybersecurity Analyst,Cybersecurity Analyst,Advanced,Distributed Cybersecurity Analyst Pipeline,Discussion & Case Studies,Async & Weekly Sync,Moderate (2 hrs/week),73,58,70,Off-Campus,6th semester Mechanical Engineering student targeting a career as a Cybersecurity Analyst. Eager to build real-world software and prepare for upcoming campus recruitment.
STU320,Sai Kapoor,21,Male,Mechanical Engineering,6,7.06,"Data Structures, JavaScript, Power BI, Tableau, SQL, Data Analysis","AI Agents, System Scalability, Web3, Mobile Apps",Data Analyst Specialist,Data Analyst,Beginner,"Portfolio Website and REST API, Data Structures Analytics Dashboard, Automated Testing and CI/CD Pipeline",Step-by-step Guidance,Async & Weekly Sync,High (Flexible),85,83,81,North Campus,6th semester Mechanical Engineering student targeting a career as a Data Analyst. Eager to build real-world software and prepare for upcoming campus recruitment.
